EmployeeID,HotelID,EmpFirstName,EmpLastName,EmpStreet,EmpCity,EmpState,EmpZip,EmpPhone,EmpDOB
,1,Page,Klemz,0004 Bowman Drive,Detroit,MI,48211,(734) 3851057,1/12/1987
,1,Carole,Conrath,005 Paget Junction,Denver,CO,80299,(303) 6512086,1/24/1990
,1,Didi,Bleasdille,414 Saint Paul Parkway,Memphis,TN,38150,(901) 3850263,12/25/1971
,1,Thea,Ghent,840 Hauk Junction,Washington,DC,20231,(202) 6739555,5/10/1936
,1,Michale,Cordier,3010 Elgar Lane,Kansas City,MO,64109,(816) 3931284,6/15/1963
,1,Brigham,Gration,80650 Pleasure Crossing,Monroe,LA,71213,(318) 4364210,8/24/1981
,1,Lenci,Berthelet,98 Carberry Avenue,Saint Louis,MO,63131,(314) 3902430,11/25/1958
,1,Yorgos,Frome,5 Grover Junction,El Paso,TX,88574,(915) 3537809,5/4/1938
,1,Mandie,Willas,314 Hansons Court,Glendale,AZ,85305,(602) 5633998,5/15/1949
,1,Zsazsa,Ballham,35201 Oxford Crossing,Tacoma,WA,98464,(253) 5131469,4/10/1997
,1,Chrisy,Chinn,493 Debra Way,Washington,DC,20436,(202) 8366745,6/1/1938
,1,Guendolen,Coupe,920 Donald Terrace,Clearwater,FL,33758,(813) 8549593,11/27/1980
,1,Layton,Ragless,6 Main Road,Washington,DC,20036,(202) 1405859,12/2/1965
,1,Zebedee,Angric,61 Aberg Way,Dallas,TX,75379,(214) 7268431,2/24/1978
,1,Wileen,Reskelly,05 Morrow Junction,Carol Stream,IL,60351,(309) 5786700,11/14/1965
,1,Paton,Brewins,474 Westerfield Street,Lancaster,PA,17605,(717) 5949779,3/14/1940
,1,Chloe,Persitt,8 Arizona Crossing,Akron,OH,44321,(330) 6085567,1/12/1963
,1,Bridgette,Wohlers,24653 Nancy Center,Columbus,OH,43284,(614) 4814728,7/12/1996
,1,Rolf,Joppich,4817 Eggendart Lane,Bridgeport,CT,6673,(203) 6456182,1/4/1939
,1,Lucais,Flippini,97987 Rusk Court,Washington,DC,20016,(703) 5366320,7/19/1936
,1,Cassondra,Mintrim,2484 Doe Crossing Road,Kansas City,MO,64130,(816) 7163916,12/31/1942
,1,Sharline,Plastow,6672 Graedel Point,Sacramento,CA,95894,(916) 5041753,11/25/1975
,1,Carmina,Hutfield,1 Upham Place,Greenville,SC,29610,(864) 2782415,11/19/1941
,1,Dennie,Ebrall,9761 Marcy Center,Atlanta,GA,30306,(404) 5967108,12/31/1952
,1,Ingaborg,Buckley,7363 Hooker Point,Salt Lake City,UT,84130,(801) 4384624,12/23/1951
,1,Devan,Varnals,47760 Ridge Oak Lane,Charleston,SC,29411,(843) 5846350,1/29/1968
,1,King,Nertney,80712 Melrose Parkway,Los Angeles,CA,90005,(818) 8320281,7/2/1935
,1,Archambault,Schule,53 Thierer Terrace,Lake Charles,LA,70607,(337) 2473332,4/29/1964
,1,Craggy,Rowswell,50 Dahle Alley,Los Angeles,CA,90045,(562) 6980809,5/17/1938
,1,Deb,Dearlove,183 Bluejay Drive,Houston,TX,77005,(713) 1592562,3/15/1952
,1,Heinrik,O'Nowlan,06 Surrey Point,Canton,OH,44710,(330) 8780378,3/1/1966
,1,Florida,Tonepohl,329 Steensland Plaza,El Paso,TX,79934,(915) 6587386,9/22/1962
,1,Leora,Aird,17981 Welch Center,New York City,NY,10034,(212) 7678254,7/24/1994
,1,Dorey,Bollands,7202 Rieder Road,Billings,MT,59105,(406) 6533048,10/31/1961
,1,Hermia,Rockcliffe,678 Monterey Hill,Oklahoma City,OK,73124,(405) 6015846,3/10/1971
,1,Eveline,Edess,58 Ludington Terrace,Katy,TX,77493,(281) 2520410,4/18/1959
,1,Britni,Letchford,6520 Harper Street,Washington,DC,20319,(202) 1916868,3/31/1941
,1,Inger,Baraja,3 Muir Trail,Roanoke,VA,24034,(540) 4796901,8/8/1983
,1,Vachel,Pinnington,14762 Delaware Terrace,East Saint Louis,IL,62205,(618) 5760148,1/18/1937
,1,Lee,Hamly,7931 Eagle Crest Circle,Tampa,FL,33694,(813) 9411706,10/20/1997
,1,Mathe,Hallagan,92651 Lotheville Junction,Topeka,KS,66617,(785) 4267474,6/21/2003
,1,Tomkin,Pellissier,8 Hoffman Lane,Anaheim,CA,92812,(714) 8443746,8/3/1988
,1,Clark,MacSween,4 Lindbergh Circle,Cincinnati,OH,45228,(513) 6755087,12/26/1962
,1,Mattias,Nott,82614 Charing Cross Circle,Oklahoma City,OK,73152,(405) 3932312,12/9/1970
,1,Kacie,Wayper,672 Lunder Road,Houston,TX,77281,(713) 4707173,5/1/1990
,1,Wilmer,Leitche,6 Mccormick Street,Peoria,IL,61614,(309) 4519930,2/27/1975
,1,Peadar,Sheeran,08 Prairie Rose Lane,Worcester,MA,1610,(508) 1847452,10/4/1944
,2,Mae,Duigan,8 Morningstar Trail,Largo,FL,33777,(727) 2500426,1/7/1986
,2,Molli,Meric,8971 West Road,Augusta,GA,30919,(706) 8308808,3/23/1967
,2,Will,Hazael,77 Victoria Center,Sacramento,CA,94207,(916) 9170895,10/21/1940
,2,Virgina,Bick,015 Oak Crossing,Arlington,TX,76004,(817) 8030624,6/6/1947
,2,Emmett,Minshaw,4403 Laurel Road,Richmond,VA,23242,(804) 7435301,4/8/1961
,2,Deana,Mossdale,536 Browning Pass,Boston,MA,2104,(318) 6718236,7/2/1946
,2,Sandie,Presley,3 Anderson Place,Garland,TX,75044,(469) 6154525,4/29/1943
,2,Lissi,Blankett,695 Boyd Terrace,Tyler,TX,75705,(903) 2608319,9/3/1977
,2,Samara,Neave,294 Melby Plaza,Saint Louis,MO,63169,(314) 1700767,2/17/2003
,2,Jedd,Scoggan,09 Hermina Avenue,Grand Rapids,MI,49518,(616) 5890446,1/28/1995
,2,Charil,Meineken,509 Loomis Point,Youngstown,OH,44555,(330) 8129595,11/19/2002
,2,Thatch,Roget,48868 Stoughton Park,Saint Paul,MN,55166,(651) 4087213,9/9/1938
,2,Nada,Robrose,1714 Starling Court,Baton Rouge,LA,70883,(225) 1493307,7/5/1944
,2,Gabriellia,Larmouth,71 Ruskin Junction,Cincinnati,OH,45999,(513) 6306940,1/26/1980
,2,Alex,Akhurst,35315 Algoma Road,Naples,FL,34108,(239) 6388897,8/30/1939
,2,Shaine,Spens,2 Arizona Terrace,Santa Fe,NM,87592,(505) 3331558,5/8/1939
,2,Moe,Brundall,4 Atwood Hill,Seattle,WA,98127,(206) 3279775,6/1/1977
,2,Alasteir,Bosche,05 Lake View Way,El Paso,TX,88546,(915) 6542923,12/18/1984
,2,Nada,Klaessen,65848 Elka Trail,Pasadena,CA,91117,(626) 6111107,11/10/1940
,2,Ainslie,Pinchin,30 Dawn Crossing,Buffalo,NY,14269,(716) 7732959,6/23/1989
,2,Pren,Screeton,983 Starling Junction,Scottsdale,AZ,85260,(480) 7575973,1/21/1964
,2,Heloise,Braunds,17 Fulton Avenue,Grand Rapids,MI,49505,(616) 5249545,3/24/1959
,2,Omero,O'Hagan,047 Green Ridge Trail,Tulsa,OK,74193,(918) 6401299,4/4/1993
,2,Carlee,Barbary,89223 Lyons Lane,Bakersfield,CA,93311,(661) 3533888,10/28/1983
,2,Lisle,Schulze,38360 Truax Drive,Davenport,IA,52809,(563) 5732017,10/24/1950
,2,Latashia,MacGillivray,5447 Grasskamp Parkway,Houston,TX,77240,(713) 8404571,1/2/1949
,2,Rosabelle,Sictornes,375 Helena Pass,Portland,OR,97286,(503) 5063905,1/24/1950
,2,Rubie,Holbarrow,2154 Sutherland Point,Oklahoma City,OK,73129,(405) 3079877,1/19/1982
,2,Jens,Dissman,613 Coleman Point,Huntington,WV,25709,(304) 5902096,4/17/1935
,2,Julianne,Lakeman,7320 Kings Drive,New Orleans,LA,70165,(504) 5922788,11/6/1994
,2,Dud,Mayoh,68418 Corry Lane,Huntington,WV,25775,(304) 5214430,9/1/1957
,2,Teddi,Wetherburn,69 Algoma Crossing,Lubbock,TX,79491,(806) 6635717,7/26/1975
,3,Xymenes,Burger,6092 Sauthoff Alley,Washington,DC,20397,(202) 8277412,11/3/1936
,3,Ulysses,Keates,1 Butterfield Pass,Sunnyvale,CA,94089,(408) 4482971,8/12/1954
,3,Abra,Goldney,693 Pennsylvania Way,Ogden,UT,84409,(801) 9933018,12/17/1979
,3,Rad,Stroton,352 Straubel Lane,Ocala,FL,34474,(352) 9781695,4/2/1970
,3,Kevin,Warman,338 Kenwood Trail,Santa Cruz,CA,95064,(831) 1079065,3/7/1954
,3,Laryssa,Chester,5262 Manitowish Center,Knoxville,TN,37939,(865) 1019653,10/2/1991
,3,Elena,Wearne,51013 Vidon Circle,Hartford,CT,6120,(860) 9016114,7/3/1974
,3,Nigel,Liversedge,1868 Canary Street,Canton,OH,44720,(330) 6537464,10/31/1935
,3,Kearney,Brezlaw,4 Pawling Terrace,Loretto,MN,55598,(763) 2764623,9/20/1948
,3,Joye,Physic,38 Del Sol Street,San Antonio,TX,78255,(830) 6776767,4/11/1972
,3,Savina,Cordon,7181 Bay Parkway,Boulder,CO,80310,(303) 3997857,5/8/1981
,3,Gaylord,Losano,84352 Blue Bill Park Point,Chico,CA,95973,(916) 5884144,8/21/1955
,3,Steven,Grisbrook,61748 Dryden Crossing,Peoria,IL,61629,(309) 1525269,4/5/1980
,3,Penny,Aldwich,67349 Continental Circle,Fort Worth,TX,76129,(817) 5520829,10/14/1970
,3,Helenelizabeth,Brightey,7 Maywood Avenue,Wichita,KS,67236,(316) 7425366,11/30/1985
,3,Cherry,MacHarg,70002 Waywood Pass,Biloxi,MS,39534,(228) 2864895,11/23/1939
,3,Ettore,Tuohy,694 Pearson Crossing,Arlington,VA,22225,(571) 4306763,6/24/1959
,3,Nicky,Graveney,7250 Fairfield Point,Meridian,MS,39305,(601) 7620811,3/13/1957
,3,Josefa,Gatfield,9 Mayer Terrace,El Paso,TX,79955,(915) 4221104,1/24/1986
,3,Leonie,Lummasana,0 Old Shore Center,Kansas City,MO,64153,(816) 4722170,12/17/1959
,3,Darrel,Lyttle,2 Hayes Hill,Albany,NY,12205,(518) 9965508,12/29/1963
,3,Jobie,Lamminam,84364 Independence Street,Shreveport,LA,71105,(318) 1191074,5/17/1970
,3,Ty,Mickleburgh,10384 Crest Line Alley,Tulsa,OK,74133,(918) 2790268,4/12/1973
,3,Jocelyne,Fairest,32959 Clarendon Drive,Detroit,MI,48211,(734) 1231415,2/9/1954
,3,Hilario,Menlove,5 Lake View Center,Scranton,PA,18514,(570) 3772092,3/17/1958
,3,Jameson,Laister,2 Tomscot Avenue,Baton Rouge,LA,70820,(225) 6849044,1/19/1985
,3,Dody,Paolacci,3 Atwood Junction,Long Beach,CA,90810,(323) 4734565,10/3/1944
,3,Jobi,Pinnell,8 Kensington Crossing,Inglewood,CA,90310,(310) 4084492,8/17/1987
,3,Wallie,Simoncini,7 Pine View Point,Bellevue,WA,98008,(206) 7536626,10/9/1979
,3,Brandise,Disley,3137 Independence Place,Irvine,CA,92717,(714) 7372851,11/24/1983
,3,Gerianna,Tieman,391 Oxford Street,Detroit,MI,48232,(313) 1003158,12/1/1978
,3,Anabel,Wincer,92 Sunbrook Way,Saint Louis,MO,63116,(314) 1472084,2/14/1973
,3,Aigneis,Macura,3265 Killdeer Alley,Columbus,OH,43284,(614) 4861461,4/28/1984
,3,Debra,Filipowicz,625 Sachs Point,Minneapolis,MN,55402,(612) 5089998,12/3/1998
,3,Bancroft,Kaindl,5190 Dixon Hill,Houston,TX,77005,(214) 4473906,3/30/1983
,3,Greg,Baine,57 Bartillon Park,Tulsa,OK,74103,(918) 5874895,7/11/1937
,3,Wenda,Batiste,621 Merchant Park,Conroe,TX,77305,(936) 8457690,7/26/1975
,3,Adelheid,Rackam,48 Oxford Parkway,Bakersfield,CA,93399,(661) 9633761,12/11/1953
,3,Teresa,Caneo,659 South Lane,Virginia Beach,VA,23464,(757) 2338159,4/4/1963
,4,Alexine,Esposito,63403 Leroy Terrace,Detroit,MI,48232,(313) 8901038,11/5/1971
,4,Osmund,Wensley,6090 Fairfield Way,Oklahoma City,OK,73173,(405) 2271240,5/30/1990
,4,Sascha,Abel,588 Sycamore Lane,Cleveland,OH,44118,(216) 3287944,9/21/1942
,4,Orrin,Candlish,0457 Hansons Trail,Zephyrhills,FL,33543,(813) 2701536,12/16/1945
,4,Kass,Pinchon,82 Fair Oaks Pass,Tampa,FL,33620,(813) 7523317,5/15/1992
,4,Victor,Genney,05 Debra Drive,Washington,DC,20414,(202) 1022835,7/24/1971
,4,Johanna,Simkins,82 Birchwood Drive,Greensboro,NC,27409,(336) 6524206,1/31/2001
,4,Dorise,Cobden,6765 Transport Court,Fort Wayne,IN,46852,(260) 9915321,11/15/2003
,4,Duncan,Welton,119 Continental Terrace,Memphis,TN,38181,(901) 9312540,11/24/1992
,4,Jerrilee,Parley,23099 Charing Cross Avenue,Grand Rapids,MI,49518,(616) 6825646,10/20/1958
,4,Colette,Bambery,58929 Cambridge Avenue,Jackson,MS,39204,(601) 2552889,7/28/1964
,4,Wilbur,Wolland,8268 Schmedeman Road,Kent,WA,98042,(425) 3725248,5/3/1971
,4,Corinne,Gillford,51 Katie Plaza,Alexandria,LA,71307,(318) 4371029,4/30/1973
,4,Carie,Cregeen,03939 Bobwhite Drive,San Francisco,CA,94169,(415) 8624884,12/8/1962
,4,Jacinta,Marrington,125 Sutherland Court,Bethlehem,PA,18018,(610) 3609012,1/30/1945
,4,Sondra,Mewe,61 Golf Crossing,North Little Rock,AR,72199,(501) 6743052,7/30/1993
,4,Kenna,Artis,059 Westend Alley,South Bend,IN,46614,(574) 9129248,9/27/1985
,4,Ethelda,Lemerie,4 Marcy Place,Macon,GA,31205,(478) 8577241,9/10/1943
,4,Arabela,Collin,07 Ilene Trail,Newark,NJ,7104,(973) 9016611,6/29/1977
,4,Brewster,Dymott,5971 Judy Terrace,Waco,TX,76796,(254) 8298085,12/17/1975
,4,Paolo,Grinaugh,97892 Doe Crossing Center,Whittier,CA,90610,(562) 4655669,1/13/1941
,4,Curtis,Barkshire,263 Dapin Way,Jacksonville,FL,32259,(904) 4797730,8/11/1970
,4,Germain,Hibling,02758 Kipling Road,Denver,CO,80241,(720) 6635194,4/6/1990
,4,Benoite,Broadberry,137 Towne Point,Shawnee Mission,KS,66286,(913) 3644262,2/26/1986
,4,Amalita,Wisedale,94403 Rowland Pass,Phoenix,AZ,85015,(602) 6308698,11/6/1972
,4,Jaquelyn,Hardy-Piggin,81 Lerdahl Drive,Honolulu,HI,96815,(808) 7916246,9/12/1984
,4,Roarke,Godon,4 Graceland Plaza,Little Rock,AR,72222,(501) 4472573,4/28/1956
,4,Stefanie,Pashba,32 Springview Trail,Oklahoma City,OK,73197,(405) 3954591,9/13/1964
,4,Petunia,Challicombe,216 Mesta Avenue,Fort Wayne,IN,46814,(260) 1652581,3/4/1947
,4,Annissa,Harry,0 Sundown Center,Worcester,MA,1605,(508) 5023866,6/14/1968
,4,Murielle,Kidgell,82011 Columbus Road,Roanoke,VA,24048,(540) 7099043,11/10/1974
,4,Livia,Longland,491 Westridge Way,Charlotte,NC,28299,(704) 4284993,8/11/1945
,4,Vera,Munnery,8 Oakridge Pass,Youngstown,OH,44555,(330) 2021800,12/21/1958
,4,Case,Semechik,235 Golf Course Park,Austin,TX,78759,(512) 7087395,6/30/1974
,4,Friederike,Penella,80613 Reinke Junction,San Antonio,TX,78255,(830) 8959234,6/22/1955
,4,Dalli,Rennock,48881 Upham Terrace,Columbus,OH,43220,(614) 4344940,12/28/1996
,4,Fredra,Bullick,6 Garrison Parkway,Jacksonville,FL,32215,(904) 4916768,1/22/1984
,4,Lothario,Witten,2 Evergreen Point,Clearwater,FL,34615,(727) 3053796,1/19/1960
,4,Niall,Dey,7 Reinke Drive,Detroit,MI,48267,(313) 1217468,4/25/1965
,4,Kasper,Ruxton,4968 Merry Circle,Boise,ID,83705,(208) 6735198,4/5/1942
,4,Zelda,O'Cleary,1188 Paget Street,Gainesville,FL,32605,(352) 7456869,2/8/1989
,4,Fernande,Grogono,7 Harbort Crossing,Jacksonville,FL,32277,(904) 6424675,12/26/1988
,4,Monte,Djordjevic,8 Eliot Place,Atlanta,GA,30311,(404) 1161398,11/21/1969
,4,Albertine,Madle,7186 Rigney Terrace,Trenton,NJ,8638,(609) 2738286,2/18/1961
,4,Rosana,Ker,84072 Waxwing Way,Metairie,LA,70033,(504) 7204877,5/27/1945
,4,Saxon,Hyde-Chambers,867 Walton Way,San Diego,CA,92110,(619) 3805273,6/4/1943
,4,Stacee,Gytesham,2502 Messerschmidt Court,Pensacola,FL,32590,(850) 3256722,2/6/1944
,4,Roy,Kausche,4714 2nd Way,New York City,NY,10160,(212) 8023969,3/2/1963
,4,Celisse,Bollans,89 Banding Avenue,Pensacola,FL,32511,(850) 7576478,1/3/2001
,4,Adelice,Goodoune,1 Fair Oaks Parkway,Toledo,OH,43635,(419) 8673948,3/30/1979
,4,Packston,Foxton,2 Fremont Pass,Denver,CO,80255,(720) 2723378,10/28/1961
,4,Brockie,Giamuzzo,02 Ridge Oak Pass,Memphis,TN,38143,(901) 5183535,12/6/1993
,4,Maggi,Brightling,62 Arrowood Terrace,Columbia,SC,29220,(803) 4143929,11/24/1975
,4,Mark,Prozescky,83793 Thompson Alley,Buffalo,NY,14215,(716) 1889574,10/30/1977
,5,Alvira,Ollerearnshaw,3171 John Wall Alley,Colorado Springs,CO,80930,(719) 7176228,6/26/2000
,5,Beatrisa,Van Der Vlies,48 Oak Circle,Denver,CO,80243,(303) 2024785,12/5/1991
,5,Fionnula,Cansdill,62001 Carioca Way,Clearwater,FL,34615,(727) 2050100,3/18/1937
,5,Antonie,Frede,89721 Beilfuss Parkway,San Diego,CA,92145,(619) 6940642,11/9/1997
,5,Shela,Lane,9 Meadow Vale Crossing,Louisville,KY,40225,(502) 6491042,1/26/1937
,5,Terry,Blakes,873 Carey Center,Macon,GA,31296,(478) 9133626,5/11/1966
,5,Lucio,Morrall,559 Hanover Street,Indianapolis,IN,46254,(317) 4037946,1/30/2001
,5,Anderea,Chieco,5201 Eagle Crest Terrace,Bronx,NY,10454,(718) 2133230,4/20/1974
,5,Yolande,Everil,27 Sutherland Court,Midland,TX,79710,(432) 4897872,5/10/1974
,5,Blondy,Scholes,9083 Del Mar Center,Lansing,MI,48912,(517) 6540137,11/23/1995
,5,Faydra,Blazic,13 Daystar Park,Sioux Falls,SD,57193,(605) 1705755,10/3/1972
,5,Germaine,Ayer,1556 Lighthouse Bay Hill,Charleston,SC,29416,(843) 1638582,4/8/1980
,5,Cthrine,Buxcey,45610 Oxford Point,Kansas City,MO,64153,(816) 1057305,4/3/1988
,5,Florian,Chadwen,7 Nevada Park,Arvada,CO,80005,(720) 1243623,2/3/1943
,5,Mikaela,Foston,0006 Tennyson Lane,Young America,MN,55573,(952) 7952165,7/30/1989
,5,Pyotr,Viggers,0 Bartillon Park,Raleigh,NC,27690,(919) 5174606,7/6/1985
,5,Murielle,Wolfindale,60 Garrison Trail,Salt Lake City,UT,84125,(801) 3671653,1/8/1961
,5,Barnabas,Maharry,929 Lake View Place,Silver Spring,MD,20910,(301) 2586524,4/7/1973
,5,Mandi,Attow,12228 Buena Vista Court,Fort Worth,TX,76192,(682) 2374688,4/17/1982
,5,Fallon,Burgett,8599 Golden Leaf Point,Philadelphia,PA,19125,(215) 4498258,4/25/1961
,5,Agnola,Ovanesian,08 Vidon Junction,Des Moines,IA,50936,(515) 9570726,5/20/1958
,5,Elvis,Koch,19031 Helena Trail,Madison,WI,53790,(608) 6342266,5/30/1935
,5,Granthem,Oates,73051 Menomonie Plaza,Naples,FL,33961,(305) 4484767,6/16/1989
,5,Corie,Uttley,09 Karstens Circle,Houston,TX,77075,(713) 3892572,5/5/1950
,5,Marve,Bollini,0191 Manley Court,Minneapolis,MN,55458,(612) 3026277,2/5/1955
,5,Aldrich,Peye,31049 Bartillon Court,Paterson,NJ,7522,(973) 6345803,4/5/1948
,5,Dallas,Mourge,94 1st Point,Dallas,TX,75210,(972) 9543486,6/15/1972
,5,Jude,Kaser,8862 Northwestern Place,Richmond,VA,23208,(804) 1373099,4/24/1945
,5,Carlie,Gostage,6 East Circle,Pueblo,CO,81005,(719) 8922151,7/13/1955
,5,Lay,Arlow,289 Corscot Crossing,Huntington,WV,25770,(304) 4267221,2/17/1990
,5,Annelise,Consadine,1 Hayes Plaza,Saint Louis,MO,63116,(314) 3499169,8/29/1968
,5,Tammy,Fishbourne,309 Blue Bill Park Pass,Lafayette,LA,70593,(337) 9928748,9/21/1998
,5,Raina,Aubury,83 Hovde Center,Chula Vista,CA,91913,(619) 6888744,11/11/1990
,5,Shandee,Gehricke,3592 Loomis Hill,Indianapolis,IN,46239,(317) 3082204,5/8/1993
,5,Ambur,Mackrill,87891 Lukken Point,Frederick,MD,21705,(240) 4195448,6/29/2000
,5,Hatti,Coetzee,37507 Manitowish Junction,Juneau,AK,99812,(907) 6899672,5/4/1963
,5,Dante,McGrey,9299 Graedel Crossing,Waco,TX,76796,(254) 7383560,9/15/1941
,5,Kendall,Aberdalgy,3252 Dahle Avenue,Virginia Beach,VA,23471,(757) 8117218,9/3/1952
,5,Correy,Farlham,65 Sherman Place,El Paso,TX,88574,(915) 2613616,9/29/1939
,5,Nelli,Vinall,2 Warrior Point,Portland,OR,97229,(503) 4836865,3/12/1983
,5,Bonita,Falconar,65164 Ilene Junction,San Francisco,CA,94110,(415) 5152287,11/7/1937
,5,Marc,Strowthers,6 Debs Trail,San Bernardino,CA,92415,(760) 6067240,11/8/1990
,5,Ellie,Tustin,81 Esch Road,Galveston,TX,77554,(281) 7630410,3/30/1950
,5,Boot,Neles,9890 Twin Pines Trail,Milwaukee,WI,53263,(414) 5547139,10/25/1944
,5,Clarence,Kolyagin,856 Fisk Crossing,Washington,DC,20397,(202) 4304824,7/23/1943
,5,Hannis,Tott,89 Mendota Park,White Plains,NY,10606,(845) 5958838,7/9/1974
,5,Kalindi,Floyed,6511 Hintze Court,Los Angeles,CA,90087,(213) 4166732,8/25/1999
,5,Bradford,Doneld,8806 Mosinee Lane,Dallas,TX,75367,(214) 9408567,5/5/1987
,5,Kalil,Fulop,96750 Muir Road,Washington,DC,20580,(202) 6103669,1/19/1983
,5,Germaine,Barfford,41 Pearson Center,Carol Stream,IL,60351,(309) 2697521,7/15/1986
,5,Tamra,McClymont,8 Rigney Street,Orange,CA,92867,(714) 4289105,9/4/1965
,5,Odey,Englishby,8959 Corry Circle,Pittsburgh,PA,15286,(412) 9595270,4/20/1956
,5,Ekaterina,Forker,13 Laurel Avenue,Cheyenne,WY,82007,(307) 7755546,8/20/1988
,5,Monroe,Hillburn,977 Paget Way,Mobile,AL,36622,(251) 7596310,7/5/1973
,5,Addison,Spolton,7412 Commercial Terrace,Saginaw,MI,48609,(989) 3622174,3/18/1945
,5,Laurie,Gernier,7711 Ruskin Place,Houston,TX,77266,(713) 1198146,1/8/1950
,5,Gilda,Barber,629 6th Alley,Morgantown,WV,26505,(304) 8194270,3/28/1992
,5,Dagny,Volkes,8 Northport Terrace,Dayton,OH,45470,(937) 5761050,7/18/1939
,5,Tressa,Fraczkiewicz,0 Eagan Center,Austin,TX,78789,(512) 1374995,3/4/1937
,5,Elsinore,Cousen,64 Village Place,Boise,ID,83732,(208) 6787358,10/7/1936
,6,Amalia,Lippiatt,945 Armistice Road,Toledo,OH,43615,(419) 6906152,11/9/1961
,6,Hoebart,Stebbings,9 Village Green Alley,Charlotte,NC,28225,(704) 8250172,5/5/1951
,6,Rahal,Ajean,624 Michigan Court,Riverside,CA,92505,(909) 3442535,5/29/1981
,6,Arel,Bavridge,22 Bashford Plaza,Alexandria,VA,22301,(703) 9838861,4/21/1992
,6,Gratiana,Temby,6 Di Loreto Court,El Paso,TX,79984,(915) 8374753,9/17/1957
,6,Dasie,Barnby,78 Waxwing Terrace,Hayward,CA,94544,(510) 6024810,7/19/1940
,6,Addy,Errol,98 Sheridan Way,Anchorage,AK,99512,(907) 7670350,4/30/1975
,6,Dolli,Giampietro,1730 Bultman Parkway,Sandy,UT,84093,(801) 6234187,7/31/1983
,6,Sharona,Verma,6 Monterey Alley,Washington,DC,20557,(202) 1632984,11/16/1985
,6,Algernon,Trewhella,35420 John Wall Trail,Fresno,CA,93750,(559) 6199192,2/23/1997
,6,Elinor,Keppin,5366 Eagle Crest Drive,Waterbury,CT,6726,(203) 9335540,4/11/1975
,6,Jared,Brummell,35896 Bunker Hill Plaza,Dearborn,MI,48126,(734) 9858926,5/15/1979
,6,Clarinda,Yelden,47469 Meadow Ridge Hill,New York City,NY,10090,(212) 5779274,3/13/1973
,6,Garrett,Tolworthie,597 Morningstar Junction,Des Moines,IA,50310,(515) 8218011,12/19/1937
,6,Ettie,Stockau,4859 Goodland Junction,Scranton,PA,18514,(570) 7230037,12/24/1988
,6,Veriee,Shurmer,38361 Oak Valley Pass,Fairbanks,AK,99709,(907) 2995026,8/17/1970
,6,Goddard,MacGaffey,0729 Badeau Point,Schenectady,NY,12325,(518) 7179354,3/14/1997
,6,Marcellus,Ccomini,452 Bashford Pass,Lincoln,NE,68583,(402) 6739354,4/20/1953
,6,Mill,Tulleth,22 Bunting Terrace,Oklahoma City,OK,73147,(405) 6819308,12/17/1974
,6,Magda,Colecrough,04653 Weeping Birch Park,Alexandria,VA,22309,(202) 2274638,6/19/1946
,7,Idelle,Hartropp,40292 Green Ridge Place,Minneapolis,MN,55441,(952) 1853317,1/16/1999
,7,Estelle,Withringten,65710 Garrison Center,Mobile,AL,36610,(251) 3457765,8/28/1977
,7,Regine,Petrelli,827 Eggendart Pass,Richmond,VA,23272,(804) 7062141,10/27/1981
,7,Holly,Spikings,16 Forest Run Court,Austin,TX,78789,(512) 6493582,8/28/1957
,7,Hewett,Jess,42530 Manitowish Avenue,Kansas City,MO,64193,(816) 1172843,5/30/2002
,7,Aliza,Hayley,61065 Bunker Hill Alley,Saint Louis,MO,63158,(314) 3939761,1/31/1983
,7,Christine,Todeo,20668 Oakridge Junction,Evansville,IN,47705,(812) 5890388,10/20/1998
,7,Harriott,Carrivick,057 Pankratz Point,Houston,TX,77260,(713) 5970280,12/25/1955
,7,Alia,Cosley,970 Dennis Park,Lexington,KY,40581,(859) 5196072,2/10/1936
,7,Towny,Dimmick,69 Harper Road,Tampa,FL,33633,(813) 9628570,10/19/1944
,7,Jerrie,Human,11431 Laurel Crossing,Elizabeth,NJ,7208,(908) 2951763,12/7/1943
,7,Jeffie,Bolderstone,835 Havey Park,Cleveland,OH,44197,(216) 5559389,11/16/1993
,7,Daron,Oxlee,356 Ilene Parkway,Atlanta,GA,30356,(404) 3107510,4/11/1982
,7,Sully,Carsey,231 Mosinee Hill,Denver,CO,80235,(720) 7195053,10/19/1954
,7,Brewster,Whoolehan,946 Maple Wood Pass,Houston,TX,77293,(281) 1595210,7/10/1963
,7,Yoshi,Fewell,0972 Oxford Junction,Evansville,IN,47719,(812) 5712075,3/1/1967
,7,Shaughn,Beentjes,9892 Westerfield Junction,Mansfield,OH,44905,(419) 1919331,1/9/1948
,7,Faydra,de la Valette Parisot,857 Village Hill,Mobile,AL,36622,(251) 2796895,6/18/1957
,7,Miranda,Rhoddie,68 Sachtjen Park,Gilbert,AZ,85297,(602) 3060926,12/12/1950
,7,Goddart,Seven,13 Surrey Junction,Columbia,SC,29203,(803) 7101721,6/6/1946
,7,Lucita,Trowill,117 Clove Plaza,Topeka,KS,66611,(785) 1387640,3/27/1997
,7,Jenifer,Agg,55 Bellgrove Circle,Alexandria,VA,22309,(703) 4858407,3/29/1947
,7,Taddeusz,Roycroft,4098 West Road,Austin,TX,78703,(512) 1990242,1/13/1985
,7,Pen,Koche,86706 Kennedy Terrace,Phoenix,AZ,85072,(602) 9139700,10/10/1971
,7,Gwenore,Macauley,739 Fuller Place,Worcester,MA,1610,(508) 3336241,1/8/1963
,7,Ase,Abramovic,63520 Arapahoe Point,Detroit,MI,48275,(313) 4364820,3/23/1954
,7,Gran,Filer,87 Sauthoff Junction,El Paso,TX,88546,(915) 3981362,8/23/1998
,7,Tate,Gillimgham,8665 Quincy Plaza,Macon,GA,31205,(478) 8553332,12/6/1978
,7,Shelly,Ratcliffe,38265 Fairview Junction,Charlotte,NC,28256,(704) 8089006,5/12/1991
,7,Alfons,Cromar,50461 Starling Circle,Providence,RI,2912,(401) 2548990,9/20/1969
,7,Ellene,Fulcher,4844 Manufacturers Crossing,Mobile,AL,36622,(251) 7753291,6/9/1944
,7,Federico,Heugh,199 Carey Terrace,Philadelphia,PA,19184,(215) 1277123,8/17/1965
,7,Emmott,Braganza,70 Mayfield Court,Aurora,CO,80044,(303) 9086474,1/6/1951
,7,Ellwood,Cantera,4537 Macpherson Avenue,Honolulu,HI,96815,(808) 9288911,8/23/1958
,7,Glennie,Cordaroy,430 Brentwood Road,Huntington,WV,25775,(304) 4786031,8/27/1989
,7,Tabby,Raphael,28157 Chinook Center,Las Vegas,NV,89178,(702) 2518955,2/11/1974
,7,Adolphe,Monahan,841 Corscot Drive,Lancaster,CA,93584,(661) 8509884,5/28/1996
,7,Bessie,Cheng,548 Blackbird Junction,Daytona Beach,FL,32128,(386) 4449171,9/26/1994
,7,Linn,Rzehor,7 Westport Parkway,Harrisburg,PA,17126,(717) 7480027,9/4/1942
,7,Nanine,Orbine,794 Hovde Point,New York City,NY,10120,(212) 6935034,4/24/1998
,7,Emelen,Hubert,18356 Trailsway Parkway,Austin,TX,78789,(512) 3631958,2/5/1966
,7,Sheryl,Colyer,5534 Fordem Center,Minneapolis,MN,55480,(612) 4713096,6/10/1965
,7,Kimble,Nuzzi,082 Springview Terrace,Syracuse,NY,13217,(315) 8956162,5/21/1983
,7,Andeee,Livesay,76 Larry Parkway,Raleigh,NC,27610,(919) 7841204,3/5/1939
,7,Devinne,De la Perrelle,5114 Ohio Hill,New Orleans,LA,70154,(504) 4276948,1/26/2003
,7,Solly,Shuttell,93 Emmet Junction,Los Angeles,CA,90076,(323) 3551127,12/12/1945
,7,Diane,Naisbitt,7821 Hermina Street,Washington,DC,20268,(202) 3331037,4/22/1965
,7,Dniren,Lording,9 Granby Pass,Wilkes Barre,PA,18706,(570) 7908588,11/5/1958
,7,Bernadene,Caplan,6 Garrison Lane,Glendale,AZ,85305,(623) 4446033,5/21/1956
,7,Georgy,Gottschalk,5 Gale Parkway,Minneapolis,MN,55458,(612) 4990173,2/21/1987
,7,Tabbi,Apfel,4 Brickson Park Park,Arlington,VA,22205,(571) 7512632,6/20/1973
,7,Mil,Kemson,4 Hollow Ridge Court,Bradenton,FL,34205,(941) 1943875,6/29/1993
,7,Melicent,Mullins,90551 Debra Parkway,Chicago,IL,60619,(312) 8190068,8/2/1970
,7,Ana,O'Cullinane,801 Saint Paul Way,Minneapolis,MN,55417,(651) 4039457,5/17/1963
,8,Gladys,Scamadin,76989 Goodland Circle,Winston Salem,NC,27105,(704) 1656793,1/1/1992
,8,Octavia,Emmanueli,127 Gale Terrace,Montgomery,AL,36109,(334) 9264161,2/19/1958
,8,Lotta,Rowston,469 Farragut Park,Sacramento,CA,94237,(916) 3622486,12/22/1958
,8,Zonda,Doore,92 Parkside Drive,Arlington,TX,76004,(817) 8599049,12/27/1954
,8,Annissa,Dominetti,673 Mccormick Lane,Charleston,WV,25305,(304) 1873339,8/8/1983
,8,Mufi,Seedman,738 Thackeray Terrace,New Haven,CT,6538,(203) 5926152,12/13/1956
,8,Ailis,Shildrake,497 Loomis Pass,Santa Monica,CA,90410,(310) 8935311,6/26/2002
,8,Clarke,Prantoni,60 Quincy Drive,Buffalo,NY,14205,(716) 8006427,1/28/1957
,8,Kayne,Johnston,73829 Express Way,Roanoke,VA,24004,(540) 1454354,8/15/1980
,8,Paton,Joskovitch,9762 Fuller Pass,Oklahoma City,OK,73179,(405) 4457683,10/7/1981
,8,Judith,Fossord,69668 Arrowood Terrace,Durham,NC,27717,(919) 7135677,4/14/1988
,8,Jase,Trattles,2 Pearson Park,Albany,NY,12227,(518) 2016756,10/13/1962
,8,Pen,Rymer,59 Golf View Junction,Savannah,GA,31405,(912) 6034619,4/9/1951
,8,Madelene,O'Clery,91594 Bayside Circle,Lafayette,LA,70505,(337) 3070693,10/12/1993
,8,Trula,Lysaght,93697 Dexter Street,Birmingham,AL,35285,(205) 6593837,12/5/1955
,8,Estrellita,Coady,70015 Kennedy Avenue,San Diego,CA,92121,(760) 3801489,2/28/1976
,8,Gregorio,Ladlow,214 Clarendon Court,Miami,FL,33164,(786) 2408989,2/2/2001
,8,Panchito,Dmtrovic,550 Magdeline Lane,Flint,MI,48555,(810) 2162486,7/14/1983
,8,Amalia,de Courcy,58645 Elgar Parkway,Houston,TX,77255,(713) 8281228,1/26/1961
,8,Cole,Llopis,62648 Weeping Birch Junction,Duluth,GA,30195,(678) 9204311,7/3/1968
,8,Madelin,Winear,52 Comanche Junction,Bronx,NY,10464,(718) 9413043,12/12/1968
,8,Erinn,Gershom,24706 Moulton Circle,Newport News,VA,23605,(757) 3363354,2/23/1961
,8,Holmes,Gladdor,874 Milwaukee Lane,White Plains,NY,10606,(845) 8755436,12/9/1936
,8,Kikelia,Tambling,63974 International Parkway,San Jose,CA,95138,(408) 8417083,12/8/1994
,8,Heda,Chaffin,8957 Old Gate Avenue,Atlanta,GA,31196,(404) 4643841,12/6/1959
,8,Tani,O' Cuolahan,30 Forster Circle,Greenville,SC,29615,(864) 6584521,3/28/1986
,8,Shellie,Craker,9363 Fair Oaks Drive,Fort Smith,AR,72916,(479) 4031112,9/24/1970
,8,Dana,Stennett,0 Schurz Crossing,Charlottesville,VA,22903,(540) 7873213,11/2/1966
,8,Nathalia,Hedney,239 Burning Wood Crossing,Albany,GA,31704,(229) 6804530,9/26/1961
,8,Dorree,Vogel,8268 Old Shore Terrace,Akron,OH,44393,(234) 1513128,3/18/1956
,8,Sheilakathryn,Hawksley,47 Stephen Park,El Paso,TX,79950,(915) 7685182,1/19/1956
,8,Abdel,Maneylaws,7 6th Road,Montgomery,AL,36134,(334) 2020144,9/23/1960
,8,Byram,Richings,1160 Brown Alley,College Station,TX,77844,(979) 9177645,3/12/1940
,8,Kirstyn,Shirlaw,737 7th Pass,San Diego,CA,92170,(619) 9872620,4/21/1972
,8,Farah,MacParlan,7084 Hollow Ridge Way,Houston,TX,77065,(281) 1313136,6/21/2000
,8,Cecily,Colquitt,8 Dunning Street,Honolulu,HI,96845,(808) 6574009,11/2/1984
,8,Chuck,Fricker,80521 Bluestem Trail,Bridgeport,CT,6673,(203) 9650119,5/8/1990
,8,Llywellyn,Thomke,986 Quincy Alley,Huntington,WV,25726,(304) 4408925,12/23/1990
,8,Suzanna,Mendonca,2 Cardinal Road,Riverside,CA,92505,(909) 4378298,9/5/1989
,8,Irvin,Trusse,271 Beilfuss Alley,Boise,ID,83705,(208) 1067770,3/11/1969
,8,Sandor,Bousfield,388 Briar Crest Park,Naples,FL,33961,(305) 1854023,10/20/1935
,8,Berkly,Milmore,64808 North Place,Trenton,NJ,8695,(609) 2803774,1/12/1937
,8,Craggie,Fillis,8619 Prairie Rose Avenue,Detroit,MI,48211,(734) 2067451,3/21/1978
,8,Danette,Ingold,02 Londonderry Place,Shawnee Mission,KS,66215,(913) 4126853,9/20/1972
,8,Susannah,Turton,0836 Moland Pass,Fresno,CA,93709,(559) 9457970,3/25/1979
,8,Yevette,Kerrey,7302 Loftsgordon Drive,Fresno,CA,93740,(559) 2310933,7/5/1969
,8,Chariot,De Few,7413 Sommers Drive,Great Neck,NY,11024,(516) 6747482,5/30/1960
,8,Brigitte,Travers,29 Sundown Trail,Omaha,NE,68197,(402) 1872108,9/1/1941
,8,Darn,Paramore,876 Westridge Street,Omaha,NE,68105,(402) 2362363,7/29/1998
,8,Callida,Eastmond,92969 Paget Circle,Indianapolis,IN,46216,(317) 3863458,3/5/1940
,8,Jewell,Eaves,1 Gina Lane,Lexington,KY,40596,(859) 3596232,2/1/1956
,8,Dinny,Byway,5 Paget Lane,Little Rock,AR,72209,(501) 7890303,8/12/1980
,8,Kimmy,Klyn,011 Di Loreto Lane,Omaha,NE,68164,(402) 2569450,1/31/1975
,8,Maryrose,Cratere,6375 Porter Terrace,Jacksonville,FL,32255,(904) 3574087,2/3/1952
,8,Jeremie,Hourstan,79846 Badeau Hill,Los Angeles,CA,90094,(323) 2154123,6/23/1937
,8,Andrew,Morson,1702 Kennedy Court,Port Saint Lucie,FL,34985,(772) 5282399,7/13/1988
,8,Sauveur,Moncey,6431 Eagle Crest Road,Dallas,TX,75387,(214) 9422875,6/9/1965
,8,Mathilde,Ruddin,72 Crowley Avenue,Chicago,IL,60619,(312) 1408261,6/30/1964
,8,Parry,Crose,912 Summerview Park,Lynchburg,VA,24503,(434) 4658550,7/9/1990
,8,Rayner,Mattiazzi,239 Boyd Lane,Baltimore,MD,21290,(410) 6167910,7/28/1977
