RoomID,HotelID,StyleID,RoomNumber,RoomAvailability,RoomDirection,RoomDirectionNumber,RoomAccessibility,RoomSqFt
,1,15,1,0,east,3,none,1128
,1,20,2,0,east,3,hearing,1279
,1,12,3,0,west,4,none,986
,1,15,4,0,north,1,none,1270
,1,15,5,0,east,3,none,1107
,1,9,6,0,west,4,none,736
,1,15,7,0,west,4,speech,1002
,1,15,8,0,east,3,none,1481
,1,6,9,0,west,4,none,518
,1,13,10,0,east,3,none,1382
,1,18,11,0,east,3,none,1109
,1,5,12,0,east,3,none,663
,1,17,13,0,north,1,hearing,1077
,1,6,14,0,south,2,none,617
,1,2,15,0,east,3,vision,532
,1,5,16,0,west,4,none,530
,1,2,17,0,south,2,none,658
,1,17,18,0,north,1,none,1013
,1,4,19,0,west,4,none,693
,1,3,20,0,west,4,none,539
,1,11,21,0,west,4,none,845
,1,3,22,0,south,2,none,643
,1,4,23,1,east,3,none,586
,1,11,24,0,west,4,speech mobility,937
,1,4,25,0,west,4,hearing,577
,1,14,26,0,east,3,none,1131
,1,9,27,0,east,3,none,879
,1,9,28,0,east,3,vision,751
,1,1,29,0,north,1,none,678
,1,16,30,0,south,2,none,1043
,1,18,31,0,north,1,mobility,1286
,1,12,32,1,west,4,none,920
,1,18,33,0,east,3,none,1458
,1,5,34,0,south,2,none,526
,1,15,35,0,north,1,none,1264
,1,17,36,0,north,1,hearing,1153
,1,16,37,0,west,4,none,1147
,1,15,38,0,south,2,speech,1500
,1,11,39,0,north,1,none,838
,1,29,40,0,north,1,none,2312
,1,23,41,0,east,3,none,1234
,1,19,42,0,south,2,mobility,1238
,1,24,43,0,east,3,none,1398
,1,29,44,0,south,2,vision speech,1547
,1,24,45,0,south,2,none,1490
,1,13,46,1,east,3,none,1488
,1,16,47,0,west,4,none,1014
,1,12,48,0,north,1,none,834
,1,24,49,0,west,4,hearing,1207
,1,21,50,0,north,1,none,1270
,1,19,51,0,north,1,none,1300
,1,23,52,0,north,1,none,1085
,1,25,53,0,north,1,none,2089
,1,21,54,0,south,2,none,1475
,1,29,55,0,east,3,hearing,2086
,1,12,56,0,west,4,none,831
,1,16,57,0,north,1,none,1006
,1,30,58,0,south,2,none,1546
,1,14,59,0,north,1,none,1320
,1,15,60,1,north,1,none,1457
,1,12,61,0,south,2,hearing,711
,1,23,62,0,north,1,none,1422
,1,19,63,0,south,2,none,1138
,1,19,64,0,south,2,hearing,1053
,1,28,65,0,north,1,mobility,2199
,1,11,66,0,south,2,mobility,772
,1,25,67,0,west,4,none,2339
,1,23,68,0,east,3,hearing,1431
,1,20,69,0,east,3,none,1434
,1,17,70,0,west,4,none,1150
,1,17,71,0,west,4,none,1347
,1,23,72,0,east,3,none,1184
,1,22,73,0,south,2,none,1494
,1,29,74,0,west,4,hearing,1680
,1,26,75,0,west,4,hearing mobility,1543
,1,17,76,0,north,1,mobility,1193
,1,27,77,0,south,2,mobility,2415
,1,12,78,0,east,3,none,876
,1,23,79,0,north,1,none,1130
,1,18,80,0,north,1,mobility,1397
,1,26,81,0,south,2,none,2176
,1,16,82,0,north,1,none,1412
,1,14,83,0,west,4,mobility,1431
,1,20,84,0,east,3,vision,1073
,1,24,85,0,south,2,none,1412
,1,21,86,0,south,2,none,1214
,1,26,87,0,west,4,none,2269
,1,24,88,0,north,1,hearing speech mobility,1226
,1,22,89,0,west,4,mobility,1251
,1,11,90,1,north,1,none,754
,1,26,91,0,south,2,mobility,1994
,1,25,92,0,north,1,hearing,2413
,1,23,93,0,west,4,hearing,1290
,1,30,94,0,north,1,none,2097
,1,23,95,0,north,1,none,1311
,1,27,96,0,east,3,none,2498
,1,29,97,0,north,1,none,1517
,1,12,98,0,west,4,none,777
,1,12,99,0,south,2,none,760
,1,25,100,0,east,3,none,1906
,1,22,101,0,north,1,hearing speech,1480
,1,30,102,0,west,4,speech,2441
,1,26,103,0,east,3,hearing,1718
,1,28,104,0,west,4,mobility,1886
,1,22,105,0,east,3,none,1079
,1,27,106,0,south,2,speech,2490
,1,23,107,0,east,3,none,1446
,1,23,108,0,west,4,speech,1004
,1,21,109,0,north,1,none,1081
,1,29,110,0,south,2,none,2441
,1,29,111,0,north,1,none,1509
,1,29,112,0,east,3,none,1952
,1,23,113,0,east,3,none,1174
,1,29,114,0,north,1,none,2004
,1,30,115,0,south,2,mobility,1503
,1,29,116,0,west,4,none,2024
,1,21,117,0,east,3,none,1213
,1,23,118,0,north,1,none,1260
,1,24,119,0,north,1,none,1221
,1,23,120,0,east,3,none,1360
,1,29,121,0,south,2,none,1722
,1,27,122,0,west,4,none,2135
,1,27,123,0,north,1,speech,2054
,1,30,124,0,east,3,none,1733
,1,30,125,0,north,1,speech,2458
,1,25,126,0,north,1,none,2062
,1,29,127,1,east,3,none,2489
,1,21,128,0,west,4,none,1093
,1,26,129,0,west,4,mobility,1673
,1,29,130,0,west,4,none,1798
,1,30,131,0,west,4,vision,2011
,1,22,132,0,south,2,none,1445
,1,30,133,0,east,3,none,2479
,1,21,134,0,south,2,none,1322
,1,25,135,1,west,4,none,2227
,1,29,136,0,south,2,speech,1695
,1,27,137,1,west,4,hearing,1733
,1,29,138,0,east,3,none,2060
,1,25,139,0,east,3,none,1585
,1,30,140,1,south,2,hearing,2159
,1,23,141,0,west,4,none,1444
,1,29,142,0,north,1,speech,1836
,1,24,143,0,south,2,mobility,1099
,1,22,144,0,south,2,none,1092
,1,30,145,0,east,3,none,2413
,1,27,146,0,north,1,none,2057
,1,29,147,0,south,2,none,2352
,1,22,148,0,east,3,none,1255
,1,24,149,1,east,3,speech,1411
,1,26,150,0,west,4,vision,1721
,1,27,151,0,west,4,none,2125
,1,30,152,0,east,3,none,2179
,1,27,153,0,north,1,none,1849
,1,30,154,0,west,4,none,2003
,1,29,155,0,west,4,hearing,2358
,1,26,156,0,south,2,none,1662
,1,28,157,0,north,1,none,2114
,1,30,158,0,east,3,none,1651
,1,30,159,0,west,4,none,2321
,1,26,160,0,south,2,speech,2243
,1,26,161,0,west,4,mobility,2248
,1,28,162,0,east,3,hearing,2288
,1,27,163,0,west,4,none,1588
,1,27,164,0,east,3,mobility,1570
,1,28,165,0,east,3,none,2219
,1,29,166,0,east,3,mobility,2172
,1,26,167,0,west,4,none,2389
,1,27,168,0,south,2,none,2012
,1,29,169,0,south,2,none,2202
,1,30,170,0,west,4,none,1739
,1,27,171,1,east,3,none,1559
,1,27,172,0,east,3,none,2358
,1,29,173,1,north,1,mobility,2440
,1,26,174,0,east,3,hearing speech,2094
,1,28,175,0,east,3,none,2015
,1,27,176,0,east,3,mobility,1661
,1,28,177,0,south,2,mobility,1620
,1,28,178,0,east,3,speech,1545
,1,30,179,0,north,1,mobility,1709
,1,28,180,0,east,3,none,1880
,1,30,181,1,east,3,vision,1924
,1,30,182,0,east,3,none,1953
,1,28,183,0,north,1,mobility,2279
,1,27,184,1,south,2,none,2130
,1,30,185,0,north,1,none,1690
,1,26,186,0,east,3,mobility,1860
,1,29,187,0,west,4,none,1612
,1,26,188,0,north,1,mobility,1779
,1,26,189,0,south,2,vision,1762
,1,26,190,0,east,3,mobility,1825
,1,26,191,0,west,4,none,1767
,2,17,1,0,north,1,none,1358
,2,9,2,0,west,4,none,793
,2,9,3,1,south,2,none,891
,2,14,4,0,south,2,vision,1244
,2,10,5,0,south,2,vision,885
,2,14,6,0,east,3,none,1401
,2,16,7,0,south,2,none,1436
,2,3,8,0,east,3,hearing speech,600
,2,12,9,0,west,4,none,885
,2,1,10,0,south,2,none,565
,2,4,11,0,south,2,none,684
,2,17,12,0,east,3,speech,1116
,2,9,13,0,east,3,none,785
,2,20,14,0,west,4,none,1130
,2,12,15,0,west,4,hearing,822
,2,6,16,0,east,3,none,631
,2,8,17,0,south,2,mobility,840
,2,15,18,0,north,1,none,1331
,2,15,19,1,north,1,none,1303
,2,18,20,0,north,1,none,1046
,2,4,21,1,south,2,none,635
,2,7,22,0,south,2,none,716
,2,18,23,0,west,4,none,1455
,2,2,24,0,north,1,speech,688
,2,20,25,0,west,4,none,1460
,2,4,26,0,north,1,vision,613
,2,17,27,0,south,2,none,1227
,2,20,28,1,north,1,none,1139
,2,9,29,0,south,2,vision,842
,2,7,30,0,north,1,none,958
,2,10,31,1,north,1,none,894
,2,13,32,0,north,1,none,1025
,2,3,33,0,south,2,none,507
,2,19,34,0,north,1,none,1230
,2,14,35,1,south,2,none,1457
,2,1,36,0,south,2,mobility,564
,2,8,37,0,west,4,mobility,753
,2,11,38,0,north,1,none,989
,2,16,39,0,south,2,none,1481
,2,20,40,0,south,2,none,1055
,2,18,41,0,south,2,none,1291
,2,12,42,0,west,4,none,814
,2,20,43,0,north,1,none,1295
,2,23,44,0,north,1,none,1394
,2,20,45,0,west,4,none,1252
,2,13,46,0,west,4,none,1180
,2,21,47,1,west,4,none,1306
,2,28,48,0,east,3,none,1758
,2,30,49,0,north,1,vision,2424
,2,25,50,0,south,2,none,2134
,2,28,51,0,south,2,none,1645
,2,21,52,0,south,2,vision,1465
,2,19,53,0,west,4,mobility,1316
,2,20,54,0,north,1,none,1317
,2,26,55,0,south,2,none,1908
,2,26,56,0,east,3,mobility,1736
,2,13,57,0,south,2,hearing,1275
,2,16,58,0,south,2,none,1114
,2,14,59,0,south,2,none,1250
,2,23,60,0,west,4,mobility,1188
,2,14,61,0,north,1,none,1103
,2,23,62,0,south,2,none,1027
,2,25,63,0,south,2,vision hearing,2116
,2,15,64,0,east,3,none,1208
,2,13,65,0,south,2,none,1485
,2,18,66,0,south,2,none,1072
,2,28,67,1,south,2,mobility,1658
,2,22,68,0,west,4,none,1042
,2,30,69,1,east,3,none,1984
,2,29,70,0,east,3,none,1941
,2,12,71,0,south,2,mobility,858
,2,13,72,0,south,2,none,1230
,2,29,73,0,west,4,vision,2444
,2,28,74,0,west,4,none,1735
,2,24,75,0,west,4,vision mobility,1095
,2,29,76,0,east,3,none,2196
,2,13,77,1,south,2,none,1253
,2,26,78,0,east,3,none,1632
,2,26,79,0,west,4,mobility,1676
,2,20,80,0,east,3,none,1226
,2,15,81,0,east,3,none,1300
,2,12,82,1,north,1,hearing,734
,2,20,83,0,east,3,speech,1372
,2,21,84,0,west,4,vision,1198
,2,25,85,0,north,1,hearing,2444
,2,11,86,0,north,1,none,948
,2,29,87,0,west,4,none,1606
,2,16,88,0,east,3,none,1062
,2,24,89,0,west,4,none,1299
,2,11,90,0,south,2,none,964
,2,29,91,0,east,3,none,1969
,2,17,92,0,west,4,none,1204
,2,15,93,0,south,2,none,1023
,2,14,94,0,north,1,none,1269
,2,15,95,0,south,2,mobility,1075
,2,28,96,0,west,4,speech,1947
,2,15,97,1,west,4,mobility,1395
,2,26,98,0,south,2,none,2206
,2,25,99,0,north,1,speech,1680
,2,28,100,0,east,3,none,1799
,2,22,101,0,east,3,none,1111
,2,24,102,0,east,3,none,1258
,2,25,103,0,north,1,none,1663
,2,29,104,0,north,1,mobility,2357
,2,28,105,0,north,1,none,1689
,2,24,106,0,north,1,none,1063
,2,29,107,1,west,4,none,1982
,2,28,108,1,east,3,none,2356
,2,28,109,0,west,4,mobility,1623
,2,25,110,0,east,3,none,2295
,2,23,111,0,south,2,none,1131
,2,24,112,0,south,2,none,1035
,2,27,113,1,north,1,none,2123
,2,27,114,0,west,4,none,1611
,2,28,115,0,west,4,hearing,2359
,2,21,116,0,east,3,none,1450
,2,26,117,0,west,4,none,2078
,2,27,118,0,south,2,speech,2097
,2,29,119,0,west,4,none,1748
,2,24,120,0,east,3,hearing,1199
,2,30,121,0,east,3,hearing,2115
,2,22,122,0,east,3,none,1453
,2,24,123,0,west,4,none,1384
,2,28,124,0,east,3,speech,1601
,2,30,125,1,east,3,none,1668
,2,24,126,0,south,2,none,1091
,3,15,1,0,north,1,hearing,1143
,3,12,2,0,west,4,mobility,809
,3,13,3,0,west,4,mobility,1275
,3,11,4,0,south,2,none,711
,3,19,5,0,north,1,none,1116
,3,16,6,0,west,4,speech,1442
,3,18,7,1,north,1,none,1017
,3,3,8,0,west,4,none,629
,3,5,9,1,east,3,none,651
,3,13,10,0,west,4,none,1059
,3,2,11,0,south,2,none,542
,3,18,12,0,east,3,none,1093
,3,14,13,0,south,2,none,1084
,3,20,14,0,south,2,hearing speech mobility,1014
,3,12,15,0,south,2,vision,770
,3,17,16,0,south,2,none,1409
,3,3,17,0,west,4,none,561
,3,13,18,0,west,4,none,1192
,3,20,19,1,east,3,none,1191
,3,2,20,0,east,3,none,531
,3,18,21,0,west,4,none,1281
,3,1,22,0,east,3,none,671
,3,6,23,0,west,4,none,693
,3,11,24,0,south,2,none,741
,3,20,25,0,north,1,none,1427
,3,13,26,1,west,4,none,1282
,3,14,27,0,west,4,mobility,1453
,3,16,28,0,east,3,none,1455
,3,13,29,0,south,2,none,1282
,3,14,30,0,south,2,vision,1363
,3,16,31,0,east,3,none,1332
,3,14,32,0,south,2,none,1182
,3,3,33,0,south,2,none,625
,3,4,34,0,west,4,none,537
,3,1,35,0,east,3,none,644
,3,12,36,0,north,1,none,885
,3,11,37,0,north,1,hearing mobility,777
,3,13,38,0,east,3,speech,1299
,3,8,39,0,west,4,none,957
,3,26,40,0,south,2,none,2113
,3,16,41,0,east,3,none,1347
,3,11,42,0,west,4,none,948
,3,29,43,0,west,4,speech,1822
,3,27,44,0,west,4,hearing,1930
,3,12,45,1,north,1,none,911
,3,30,46,0,east,3,none,1681
,3,23,47,0,north,1,none,1035
,3,18,48,0,south,2,vision,1358
,3,11,49,0,south,2,none,866
,3,24,50,0,south,2,hearing,1017
,3,11,51,0,west,4,none,811
,3,23,52,1,east,3,none,1452
,3,26,53,0,north,1,none,2233
,3,30,54,1,north,1,none,2226
,3,13,55,1,south,2,none,1482
,3,15,56,0,south,2,hearing,1432
,3,14,57,0,west,4,none,1242
,3,25,58,0,north,1,mobility,2171
,3,15,59,0,east,3,none,1488
,3,14,60,0,south,2,none,1456
,3,20,61,1,south,2,none,1454
,3,30,62,1,south,2,none,1744
,3,29,63,0,west,4,hearing,2410
,3,30,64,0,south,2,none,1941
,3,14,65,1,east,3,speech,1177
,3,12,66,0,west,4,none,890
,3,21,67,0,west,4,none,1169
,3,21,68,1,south,2,hearing,1354
,3,17,69,0,east,3,none,1120
,3,24,70,0,west,4,none,1030
,3,11,71,0,south,2,mobility,708
,3,27,72,0,west,4,mobility,1939
,3,12,73,0,north,1,none,731
,3,29,74,0,south,2,none,1899
,3,23,75,0,north,1,none,1289
,3,24,76,0,south,2,hearing,1414
,3,19,77,0,south,2,none,1316
,3,19,78,0,south,2,hearing,1316
,3,21,79,1,west,4,none,1334
,3,12,80,0,north,1,none,788
,3,28,81,0,south,2,none,1758
,3,26,82,0,north,1,none,1547
,3,22,83,0,east,3,none,1458
,3,26,84,0,east,3,none,2177
,3,28,85,0,south,2,mobility,1756
,3,11,86,0,west,4,none,751
,3,12,87,0,west,4,none,745
,3,26,88,0,north,1,none,2232
,3,22,89,0,north,1,mobility,1330
,3,12,90,0,south,2,none,977
,3,27,91,1,east,3,none,2419
,3,26,92,0,south,2,vision hearing,2124
,3,28,93,0,south,2,none,1640
,3,11,94,0,west,4,speech,730
,3,18,95,0,north,1,none,1331
,3,19,96,0,south,2,hearing,1052
,3,18,97,0,north,1,none,1255
,3,26,98,0,west,4,none,2103
,3,27,99,0,north,1,none,1510
,3,29,100,0,west,4,none,1696
,3,21,101,0,west,4,none,1231
,3,27,102,1,north,1,none,2268
,3,23,103,0,west,4,none,1396
,3,29,104,0,north,1,mobility,1767
,3,25,105,0,north,1,hearing,1750
,3,26,106,0,north,1,none,1857
,3,25,107,0,west,4,none,2114
,3,27,108,1,south,2,mobility,2493
,3,26,109,0,south,2,hearing,1559
,3,26,110,0,south,2,none,2452
,3,26,111,0,east,3,speech,1533
,3,28,112,0,west,4,none,1530
,3,25,113,0,south,2,none,2106
,3,24,114,0,east,3,none,1356
,3,22,115,0,south,2,none,1439
,3,24,116,0,south,2,none,1204
,3,21,117,0,north,1,none,1185
,3,29,118,0,west,4,none,2063
,3,23,119,0,north,1,none,1388
,3,26,120,1,west,4,none,1552
,3,22,121,0,north,1,none,1398
,3,30,122,0,east,3,vision mobility,2488
,3,23,123,0,north,1,none,1200
,3,21,124,0,north,1,none,1467
,3,28,125,0,west,4,none,1901
,3,28,126,0,north,1,none,1754
,3,29,127,0,south,2,none,1942
,3,23,128,0,south,2,mobility,1003
,3,28,129,0,north,1,none,2491
,3,25,130,0,south,2,none,2495
,3,21,131,0,north,1,none,1084
,3,28,132,0,east,3,none,1673
,3,30,133,0,east,3,none,1507
,3,23,134,0,north,1,hearing,1170
,3,23,135,0,south,2,none,1423
,3,21,136,0,west,4,mobility,1215
,3,21,137,1,west,4,mobility,1475
,3,27,138,0,north,1,none,2258
,3,24,139,0,east,3,vision,1176
,3,28,140,0,south,2,none,2288
,3,23,141,0,east,3,none,1329
,3,23,142,0,south,2,mobility,1207
,3,27,143,0,west,4,none,1669
,3,22,144,0,north,1,none,1420
,3,21,145,0,south,2,none,1097
,3,23,146,0,south,2,none,1155
,3,24,147,0,west,4,none,1260
,3,24,148,0,north,1,none,1164
,3,21,149,0,east,3,none,1453
,3,29,150,0,south,2,none,2222
,3,29,151,0,west,4,none,1576
,3,26,152,0,east,3,hearing mobility,2030
,3,26,153,0,east,3,vision,1562
,3,30,154,0,west,4,none,1884
,4,7,1,0,south,2,none,740
,4,9,2,1,north,1,none,722
,4,18,3,0,north,1,none,1058
,4,1,4,0,north,1,vision,569
,4,4,5,0,east,3,none,596
,4,13,6,0,west,4,none,1235
,4,5,7,0,west,4,hearing,670
,4,19,8,0,west,4,none,1125
,4,13,9,0,east,3,none,1462
,4,18,10,0,west,4,none,1232
,4,7,11,1,east,3,speech mobility,895
,4,20,12,0,west,4,hearing mobility,1202
,4,19,13,0,south,2,none,1398
,4,11,14,0,south,2,mobility,766
,4,10,15,0,west,4,none,776
,4,13,16,0,north,1,speech,1456
,4,2,17,0,south,2,none,607
,4,17,18,0,west,4,none,1335
,4,18,19,0,south,2,none,1080
,4,11,20,0,north,1,none,767
,4,4,21,0,west,4,none,507
,4,1,22,0,south,2,none,520
,4,17,23,0,north,1,none,1416
,4,7,24,0,west,4,mobility,976
,4,9,25,0,east,3,hearing,825
,4,18,26,0,east,3,none,1300
,4,2,27,0,north,1,none,649
,4,15,28,0,north,1,none,1041
,4,12,29,0,west,4,hearing,834
,4,2,30,0,north,1,none,520
,4,11,31,0,south,2,none,824
,4,15,32,0,south,2,none,1137
,4,20,33,0,east,3,none,1168
,4,5,34,0,west,4,none,666
,4,12,35,0,north,1,none,819
,4,2,36,1,south,2,none,670
,4,18,37,0,east,3,none,1375
,4,11,38,0,west,4,mobility,968
,4,6,39,0,east,3,mobility,592
,4,30,40,1,east,3,speech mobility,2249
,4,30,41,0,east,3,none,2074
,4,22,42,0,south,2,hearing,1008
,4,14,43,0,north,1,speech,1284
,4,30,44,0,south,2,none,1957
,4,20,45,0,north,1,none,1371
,4,11,46,0,west,4,none,911
,4,27,47,0,south,2,hearing speech,2432
,4,12,48,0,north,1,speech mobility,807
,4,21,49,0,east,3,mobility,1159
,4,27,50,1,east,3,none,2048
,4,13,51,0,north,1,none,1407
,4,23,52,0,west,4,none,1140
,4,30,53,0,south,2,none,1945
,4,20,54,1,east,3,none,1333
,4,26,55,0,east,3,none,2398
,4,26,56,0,south,2,mobility,1740
,4,20,57,0,north,1,none,1478
,4,27,58,0,north,1,none,1898
,4,17,59,0,west,4,hearing,1077
,4,29,60,0,south,2,speech,2459
,4,12,61,0,west,4,hearing,937
,4,17,62,1,east,3,hearing,1287
,4,14,63,0,east,3,none,1222
,4,15,64,0,west,4,none,1161
,4,16,65,0,west,4,none,1212
,4,27,66,0,south,2,vision,2303
,4,29,67,0,south,2,hearing mobility,2378
,4,14,68,0,west,4,none,1049
,4,14,69,0,west,4,hearing,1178
,4,19,70,0,east,3,none,1084
,4,17,71,0,east,3,none,1038
,4,16,72,0,south,2,hearing mobility,1312
,4,17,73,0,west,4,vision,1250
,4,16,74,0,east,3,none,1063
,4,28,75,0,south,2,none,1632
,4,20,76,0,east,3,speech,1008
,4,20,77,0,north,1,vision,1119
,4,15,78,0,west,4,none,1060
,4,26,79,0,south,2,none,2357
,4,18,80,0,east,3,none,1411
,4,15,81,0,east,3,none,1062
,4,21,82,0,east,3,vision,1045
,4,21,83,0,north,1,none,1307
,4,15,84,0,north,1,none,1428
,4,15,85,1,west,4,none,1481
,4,16,86,0,west,4,none,1234
,4,17,87,0,north,1,none,1419
,4,20,88,0,east,3,none,1479
,4,17,89,0,south,2,none,1278
,4,16,90,0,east,3,none,1395
,4,18,91,0,south,2,none,1396
,4,19,92,0,east,3,none,1138
,4,13,93,0,east,3,none,1109
,4,23,94,0,south,2,none,1132
,4,24,95,0,north,1,none,1027
,4,27,96,0,north,1,mobility,2058
,4,11,97,0,south,2,none,896
,4,26,98,0,east,3,none,2336
,4,27,99,0,north,1,none,1931
,4,30,100,0,north,1,none,1524
,4,21,101,0,south,2,vision,1361
,4,24,102,0,east,3,none,1496
,4,23,103,0,west,4,none,1299
,4,27,104,0,north,1,none,1853
,4,21,105,0,west,4,hearing,1019
,4,30,106,0,east,3,none,2122
,4,21,107,0,south,2,mobility,1302
,4,30,108,0,east,3,speech,1855
,4,24,109,0,north,1,hearing mobility,1259
,4,28,110,0,north,1,none,1988
,4,27,111,0,north,1,mobility,1762
,4,21,112,0,east,3,mobility,1063
,4,24,113,0,north,1,hearing,1442
,4,21,114,0,east,3,hearing,1471
,4,25,115,0,south,2,vision mobility,2102
,4,22,116,0,north,1,none,1257
,4,21,117,0,north,1,speech,1420
,4,22,118,0,south,2,speech,1042
,4,26,119,0,north,1,hearing,2462
,4,24,120,0,west,4,none,1015
,4,22,121,0,west,4,hearing,1252
,4,25,122,0,west,4,none,1517
,4,25,123,0,north,1,none,1805
,4,27,124,0,north,1,none,1581
,4,24,125,0,west,4,none,1115
,4,21,126,0,south,2,none,1472
,4,26,127,0,south,2,speech,1660
,4,21,128,0,west,4,mobility,1437
,4,22,129,1,west,4,none,1090
,4,22,130,1,east,3,hearing,1340
,4,27,131,0,east,3,none,2091
,4,22,132,0,north,1,none,1293
,4,29,133,0,west,4,speech,1619
,4,23,134,0,south,2,mobility,1485
,4,27,135,1,east,3,none,1828
,4,29,136,0,north,1,none,1710
,4,22,137,0,south,2,mobility,1069
,4,24,138,0,east,3,none,1171
,4,27,139,0,east,3,none,2113
,4,27,140,0,west,4,none,2356
,4,26,141,0,west,4,vision,1806
,4,24,142,0,west,4,none,1330
,4,29,143,0,south,2,none,2454
,4,26,144,0,south,2,none,2400
,4,21,145,0,west,4,mobility,1427
,4,28,146,0,south,2,mobility,2383
,4,23,147,0,east,3,none,1003
,4,24,148,0,south,2,none,1364
,4,30,149,0,north,1,none,1989
,4,28,150,0,south,2,none,1957
,4,29,151,0,north,1,hearing,1904
,4,30,152,0,west,4,none,1547
,4,27,153,0,east,3,speech,2018
,4,28,154,0,south,2,none,1880
,4,28,155,0,north,1,hearing,1766
,4,27,156,0,east,3,none,1515
,4,30,157,0,south,2,mobility,2146
,4,28,158,0,south,2,vision,2221
,4,27,159,0,west,4,none,2427
,4,28,160,0,west,4,none,2188
,4,27,161,0,east,3,none,2269
,4,30,162,0,east,3,none,1504
,4,30,163,0,north,1,none,2380
,4,27,164,0,south,2,none,2457
,4,30,165,0,south,2,speech,1721
,4,28,166,0,west,4,none,1947
,4,28,167,0,north,1,none,2479
,4,26,168,0,north,1,none,2120
,4,26,169,0,west,4,none,1633
,4,26,170,0,east,3,hearing,1505
,4,27,171,0,west,4,hearing,2432
,4,27,172,0,north,1,none,2095
,4,26,173,0,south,2,none,2162
,4,28,174,0,west,4,none,2053
,4,29,175,0,west,4,none,2369
,4,27,176,0,north,1,none,1525
,4,29,177,0,west,4,none,2367
,4,30,178,0,north,1,none,1809
,4,28,179,0,north,1,none,2257
,4,29,180,0,north,1,speech,1948
,4,30,181,0,north,1,none,2118
,4,30,182,0,west,4,none,2190
,4,30,183,0,north,1,none,1715
,4,28,184,0,west,4,none,1733
,4,29,185,1,west,4,none,2088
,4,28,186,0,south,2,none,1959
,4,28,187,0,east,3,none,2313
,4,27,188,0,south,2,none,1798
,4,30,189,0,west,4,vision,2160
,4,30,190,0,north,1,none,2167
,4,29,191,0,north,1,none,1942
,4,28,192,0,east,3,none,1814
,4,27,193,0,east,3,none,2410
,4,29,194,1,south,2,none,1705
,4,29,195,0,west,4,none,2459
,4,28,196,0,west,4,none,2043
,4,29,197,0,west,4,none,2066
,4,29,198,0,east,3,speech,1707
,4,26,199,0,north,1,hearing,2456
,4,28,200,0,south,2,none,2454
,4,27,201,0,east,3,none,1805
,4,30,202,0,east,3,none,1880
,4,28,203,0,west,4,none,2165
,4,26,204,0,north,1,none,1750
,4,26,205,0,south,2,none,2496
,4,27,206,0,east,3,none,1987
,4,29,207,0,east,3,none,1583
,4,26,208,0,north,1,hearing,2461
,4,27,209,0,south,2,none,1980
,4,26,210,0,south,2,none,1504
,4,30,211,1,south,2,none,2459
,4,29,212,0,east,3,none,1607
,4,27,213,0,south,2,none,1865
,4,28,214,0,west,4,none,2355
,4,30,215,0,west,4,none,1828
,4,29,216,0,south,2,vision,2151
,4,29,217,0,north,1,none,1833
,4,29,218,1,south,2,none,1883
,4,30,219,0,north,1,none,2242
,4,26,220,1,west,4,none,2428
,4,27,221,0,south,2,hearing,1806
,4,26,222,0,east,3,none,1900
,4,26,223,0,north,1,none,1722
,4,28,224,0,south,2,speech,2251
,4,30,225,0,north,1,speech,1542
,4,29,226,0,east,3,none,2201
,4,26,227,0,east,3,none,2259
,4,26,228,0,north,1,none,2279
,5,19,1,0,south,2,none,1008
,5,5,2,1,east,3,hearing,519
,5,10,3,0,south,2,speech,835
,5,19,4,0,south,2,vision,1377
,5,13,5,0,east,3,none,1446
,5,8,6,0,east,3,none,882
,5,5,7,0,south,2,none,626
,5,4,8,0,east,3,mobility,570
,5,15,9,1,east,3,none,1465
,5,16,10,0,south,2,none,1010
,5,7,11,0,east,3,mobility,789
,5,13,12,0,south,2,none,1016
,5,10,13,0,east,3,speech,992
,5,12,14,0,south,2,none,857
,5,15,15,0,south,2,none,1401
,5,15,16,0,west,4,none,1493
,5,19,17,0,north,1,none,1223
,5,13,18,0,south,2,none,1294
,5,18,19,0,north,1,none,1290
,5,8,20,0,north,1,hearing,707
,5,13,21,0,south,2,none,1312
,5,12,22,0,north,1,none,997
,5,9,23,0,north,1,none,883
,5,9,24,0,east,3,none,981
,5,9,25,0,south,2,none,854
,5,16,26,0,west,4,none,1232
,5,17,27,0,west,4,vision mobility,1003
,5,19,28,0,east,3,none,1322
,5,4,29,0,south,2,none,570
,5,11,30,0,south,2,mobility,705
,5,15,31,0,west,4,none,1170
,5,14,32,0,south,2,none,1155
,5,20,33,0,north,1,none,1021
,5,14,34,0,west,4,none,1423
,5,15,35,0,west,4,mobility,1106
,5,16,36,0,east,3,none,1121
,5,15,37,0,east,3,none,1436
,5,20,38,0,west,4,none,1415
,5,14,39,1,west,4,speech,1400
,5,19,40,0,west,4,none,1169
,5,13,41,1,east,3,none,1406
,5,17,42,0,east,3,none,1044
,5,12,43,0,north,1,hearing,751
,5,11,44,0,south,2,vision,986
,5,26,45,0,west,4,hearing,2429
,5,24,46,0,north,1,mobility,1399
,5,11,47,0,south,2,none,937
,5,30,48,0,south,2,none,2181
,5,23,49,0,south,2,none,1455
,5,24,50,0,west,4,none,1120
,5,16,51,0,north,1,none,1161
,5,22,52,0,south,2,hearing,1121
,5,21,53,0,south,2,speech,1357
,5,13,54,0,west,4,none,1113
,5,12,55,0,west,4,none,787
,5,26,56,0,west,4,mobility,2364
,5,20,57,1,east,3,none,1041
,5,14,58,0,west,4,mobility,1131
,5,23,59,0,east,3,mobility,1102
,5,20,60,0,south,2,none,1049
,5,20,61,0,east,3,speech,1020
,5,30,62,0,west,4,none,1596
,5,22,63,1,north,1,none,1275
,5,18,64,0,south,2,mobility,1461
,5,20,65,1,south,2,speech,1295
,5,21,66,0,east,3,none,1081
,5,20,67,0,west,4,none,1276
,5,15,68,0,south,2,none,1354
,5,16,69,0,west,4,none,1306
,5,20,70,0,west,4,mobility,1439
,5,25,71,0,east,3,none,1986
,5,20,72,0,south,2,none,1340
,5,25,73,0,east,3,none,2045
,5,17,74,0,north,1,none,1294
,5,14,75,0,east,3,mobility,1358
,5,20,76,0,south,2,vision,1275
,5,25,77,0,east,3,none,2326
,5,12,78,0,south,2,none,998
,5,15,79,0,east,3,none,1258
,5,12,80,0,north,1,none,863
,5,26,81,0,west,4,none,2278
,5,19,82,0,north,1,none,1006
,5,25,83,0,north,1,none,1708
,5,18,84,0,east,3,none,1470
,5,29,85,0,south,2,mobility,2037
,5,12,86,0,east,3,speech,815
,5,24,87,0,north,1,none,1417
,5,13,88,0,south,2,vision,1057
,5,29,89,0,north,1,none,1828
,5,15,90,0,west,4,none,1157
,5,14,91,0,north,1,none,1064
,5,12,92,0,west,4,hearing,980
,5,14,93,0,south,2,vision,1011
,5,12,94,0,east,3,none,964
,5,15,95,0,south,2,none,1167
,5,29,96,0,north,1,none,2406
,5,30,97,0,west,4,none,1980
,5,15,98,0,north,1,none,1080
,5,21,99,0,east,3,vision,1278
,5,30,100,0,east,3,none,1863
,5,24,101,0,east,3,speech,1239
,5,27,102,0,south,2,none,2325
,5,23,103,0,south,2,none,1209
,5,30,104,0,south,2,none,1661
,5,24,105,0,north,1,vision,1149
,5,27,106,0,west,4,mobility,1677
,5,24,107,0,west,4,none,1196
,5,25,108,0,east,3,none,2164
,5,28,109,0,north,1,none,1513
,5,29,110,0,north,1,none,1717
,5,30,111,0,east,3,speech,1695
,5,28,112,0,south,2,none,2302
,5,21,113,0,east,3,none,1046
,5,23,114,0,west,4,none,1080
,5,22,115,0,west,4,none,1477
,5,30,116,0,west,4,none,1553
,5,29,117,0,west,4,none,1802
,5,26,118,1,west,4,mobility,1704
,5,23,119,0,west,4,none,1059
,5,30,120,0,east,3,none,1973
,5,26,121,0,north,1,none,2423
,5,23,122,0,north,1,none,1441
,5,26,123,0,north,1,none,2450
,5,30,124,0,east,3,mobility,1852
,5,28,125,1,east,3,mobility,2135
,5,21,126,0,south,2,none,1061
,5,22,127,0,north,1,mobility,1419
,5,27,128,0,east,3,none,1759
,5,26,129,0,east,3,none,2263
,5,28,130,0,south,2,none,1504
,5,22,131,0,east,3,none,1308
,5,27,132,0,west,4,speech,2203
,5,21,133,0,south,2,none,1379
,5,24,134,0,east,3,none,1392
,5,23,135,0,west,4,none,1411
,5,22,136,0,south,2,mobility,1454
,5,27,137,0,north,1,none,1960
,5,25,138,0,east,3,vision,2134
,5,30,139,1,west,4,none,2016
,5,25,140,0,east,3,none,2297
,5,24,141,0,west,4,none,1373
,5,25,142,0,south,2,mobility,2258
,5,28,143,0,west,4,speech,2389
,5,26,144,0,north,1,none,2407
,5,26,145,0,south,2,hearing,1939
,5,29,146,0,north,1,hearing,2209
,5,25,147,0,east,3,none,2151
,5,23,148,0,east,3,none,1330
,5,28,149,0,south,2,hearing,2263
,5,30,150,0,east,3,speech,2394
,5,26,151,0,east,3,none,1859
,5,29,152,0,west,4,mobility,1686
,5,26,153,0,north,1,hearing,1767
,5,30,154,0,north,1,speech,2140
,5,26,155,0,north,1,none,1701
,5,27,156,0,east,3,none,2359
,5,30,157,0,south,2,none,2000
,5,29,158,0,west,4,none,1866
,5,28,159,0,west,4,none,2406
,5,27,160,0,east,3,mobility,1995
,5,29,161,0,north,1,none,2126
,5,27,162,0,south,2,none,1890
,5,28,163,0,north,1,none,2341
,5,28,164,0,north,1,none,2393
,5,26,165,0,west,4,none,1976
,5,27,166,0,north,1,speech mobility,1507
,5,26,167,0,west,4,hearing,1845
,5,29,168,0,north,1,none,1888
,5,27,169,1,north,1,mobility,1757
,5,28,170,0,north,1,none,2411
,5,27,171,0,south,2,none,2275
,5,27,172,0,north,1,vision,1567
,5,28,173,0,west,4,none,2371
,5,30,174,0,west,4,none,2389
,5,29,175,0,north,1,none,1537
,5,26,176,0,west,4,none,2152
,5,26,177,1,south,2,none,2442
,5,28,178,0,west,4,none,2023
,5,29,179,0,east,3,none,1662
,5,26,180,0,west,4,none,2202
,5,30,181,0,south,2,none,1539
,5,26,182,0,south,2,none,1546
,5,30,183,0,north,1,none,1751
,5,26,184,0,north,1,none,2365
,5,26,185,0,south,2,mobility,1919
,5,30,186,0,south,2,none,1583
,5,30,187,0,east,3,none,2006
,5,30,188,0,north,1,none,2080
,5,27,189,0,south,2,speech,1709
,5,29,190,0,north,1,none,1821
,5,29,191,0,west,4,speech,1796
,5,26,192,0,north,1,speech,2066
,5,30,193,0,south,2,none,2132
,5,28,194,0,east,3,none,2062
,5,26,195,0,west,4,none,2016
,5,28,196,0,east,3,vision hearing,1670
,5,27,197,0,south,2,none,2274
,5,26,198,1,east,3,none,2280
,5,30,199,0,north,1,none,2161
,5,30,200,0,south,2,none,1502
,5,28,201,0,east,3,speech mobility,2496
,5,27,202,0,west,4,none,1534
,5,30,203,0,east,3,none,1869
,5,28,204,0,west,4,hearing,1663
,5,29,205,0,east,3,mobility,2412
,5,30,206,0,north,1,none,2031
,5,27,207,0,north,1,none,2278
,5,29,208,0,west,4,mobility,1540
,5,26,209,0,east,3,vision,2137
,5,27,210,0,west,4,none,1964
,5,26,211,0,south,2,vision,2095
,5,27,212,0,east,3,none,2275
,5,28,213,0,east,3,vision,2158
,5,30,214,0,south,2,none,2457
,5,30,215,0,east,3,none,2415
,5,30,216,1,north,1,none,1602
,5,29,217,0,north,1,none,2273
,5,30,218,0,north,1,none,1962
,5,26,219,0,east,3,mobility,2432
,5,29,220,0,south,2,vision,2305
,5,26,221,0,north,1,none,1664
,5,28,222,0,west,4,none,2093
,5,30,223,0,south,2,none,1713
,5,29,224,0,east,3,none,1691
,5,29,225,0,west,4,none,2139
,5,27,226,0,west,4,none,2461
,5,27,227,0,west,4,none,1934
,5,28,228,0,north,1,none,1712
,5,26,229,0,north,1,none,1545
,5,30,230,0,west,4,speech,1959
,5,27,231,0,north,1,none,1970
,5,30,232,0,west,4,none,1722
,5,29,233,0,west,4,none,1569
,5,27,234,0,north,1,none,2333
,5,28,235,0,west,4,hearing,2263
,5,29,236,0,east,3,none,2459
,5,26,237,0,north,1,vision,2262
,5,30,238,0,south,2,mobility,2092
,5,26,239,0,east,3,speech,2153
,5,27,240,0,south,2,none,2011
,5,30,241,0,east,3,hearing,2312
,5,30,242,0,west,4,mobility,2292
,5,30,243,0,south,2,none,2141
,5,27,244,0,east,3,none,1540
,5,27,245,0,west,4,none,1640
,5,27,246,0,south,2,none,1766
,5,28,247,0,north,1,none,1782
,5,27,248,0,west,4,mobility,1856
,5,26,249,0,north,1,none,1906
,5,30,250,0,north,1,none,2148
,5,30,251,0,south,2,mobility,2448
,5,29,252,1,east,3,none,1879
,6,18,1,1,north,1,hearing speech,1185
,6,11,2,1,west,4,none,792
,6,9,3,1,east,3,none,819
,6,16,4,0,north,1,none,1394
,6,18,5,0,north,1,none,1216
,6,6,6,0,south,2,none,686
,6,5,7,1,north,1,none,506
,6,5,8,1,north,1,speech,605
,6,15,9,1,west,4,none,1006
,6,6,10,0,west,4,none,691
,6,6,11,0,west,4,none,521
,6,11,12,0,south,2,vision,738
,6,6,13,0,east,3,none,667
,6,4,14,0,east,3,none,578
,6,2,15,0,north,1,none,544
,6,7,16,0,north,1,mobility,924
,6,6,17,0,south,2,hearing speech,584
,6,19,18,0,north,1,none,1079
,6,18,19,0,north,1,none,1205
,6,4,20,0,north,1,none,666
,6,14,21,0,south,2,speech mobility,1341
,6,15,22,0,south,2,none,1228
,6,18,23,0,north,1,none,1411
,6,2,24,0,west,4,none,654
,6,15,25,0,east,3,none,1499
,6,12,26,0,east,3,none,871
,6,8,27,0,west,4,speech,744
,6,16,28,0,north,1,vision,1274
,6,6,29,1,south,2,none,650
,6,14,30,1,east,3,hearing,1234
,6,9,31,0,north,1,none,841
,6,9,32,0,west,4,none,848
,6,9,33,0,east,3,none,738
,6,1,34,0,east,3,none,584
,6,10,35,0,east,3,none,783
,6,10,36,1,north,1,none,988
,6,16,37,0,east,3,none,1315
,6,15,38,0,east,3,none,1159
,6,13,39,0,west,4,hearing,1332
,6,15,40,0,east,3,hearing mobility,1475
,6,30,41,0,north,1,none,2462
,6,12,42,0,north,1,none,907
,6,21,43,1,south,2,mobility,1146
,6,29,44,0,north,1,none,1586
,6,27,45,0,south,2,none,1982
,6,13,46,0,east,3,none,1102
,6,27,47,0,south,2,none,1612
,6,27,48,0,west,4,none,2236
,6,16,49,0,north,1,mobility,1433
,6,11,50,0,north,1,none,876
,6,17,51,0,south,2,none,1319
,6,11,52,0,west,4,mobility,969
,6,23,53,0,south,2,mobility,1365
,6,27,54,1,north,1,none,1917
,6,21,55,0,south,2,none,1391
,6,22,56,1,west,4,none,1231
,6,18,57,0,west,4,vision,1031
,6,26,58,1,west,4,hearing,2175
,6,25,59,0,north,1,none,1856
,6,18,60,0,north,1,vision,1022
,6,28,61,0,east,3,none,1976
,6,27,62,1,south,2,mobility,2045
,6,21,63,0,north,1,none,1232
,6,23,64,0,north,1,none,1434
,6,18,65,0,north,1,none,1355
,6,14,66,0,north,1,none,1248
,6,26,67,0,south,2,none,1984
,6,20,68,1,north,1,hearing,1254
,6,24,69,0,west,4,vision,1205
,6,22,70,0,south,2,hearing,1419
,7,13,1,0,west,4,hearing,1180
,7,15,2,0,south,2,none,1164
,7,6,3,0,north,1,speech,640
,7,18,4,1,north,1,none,1107
,7,7,5,0,east,3,none,954
,7,9,6,0,north,1,mobility,825
,7,14,7,0,east,3,none,1249
,7,5,8,0,north,1,hearing,560
,7,18,9,0,south,2,hearing,1045
,7,18,10,0,east,3,none,1193
,7,8,11,0,east,3,none,722
,7,14,12,0,south,2,none,1303
,7,1,13,0,north,1,none,518
,7,20,14,0,west,4,none,1453
,7,20,15,0,north,1,none,1156
,7,14,16,0,south,2,none,1165
,7,5,17,0,north,1,hearing,687
,7,17,18,0,south,2,none,1314
,7,8,19,0,north,1,none,740
,7,13,20,0,north,1,speech,1166
,7,3,21,1,north,1,none,565
,7,2,22,0,west,4,none,553
,7,8,23,0,west,4,none,897
,7,15,24,0,east,3,none,1456
,7,10,25,0,south,2,none,966
,7,10,26,0,west,4,none,755
,7,16,27,0,south,2,none,1198
,7,2,28,0,east,3,none,555
,7,9,29,0,north,1,none,992
,7,13,30,0,west,4,vision,1398
,7,13,31,0,north,1,none,1498
,7,4,32,0,east,3,none,577
,7,10,33,0,north,1,hearing,844
,7,10,34,0,west,4,none,821
,7,5,35,0,north,1,none,557
,7,13,36,0,east,3,none,1493
,7,14,37,0,south,2,none,1155
,7,14,38,0,east,3,hearing mobility,1015
,7,4,39,0,east,3,none,697
,7,25,40,0,west,4,mobility,2087
,7,20,41,0,north,1,none,1416
,7,11,42,0,east,3,none,903
,7,25,43,0,west,4,none,2223
,7,13,44,0,south,2,none,1080
,7,20,45,0,west,4,none,1371
,7,14,46,1,south,2,none,1359
,7,22,47,0,south,2,none,1230
,7,11,48,0,west,4,hearing,989
,7,18,49,0,east,3,none,1054
,7,21,50,0,south,2,none,1321
,7,20,51,0,east,3,none,1240
,7,28,52,0,east,3,mobility,1896
,7,25,53,0,west,4,none,1940
,7,19,54,0,east,3,none,1060
,7,18,55,1,north,1,none,1230
,7,12,56,0,south,2,none,748
,7,18,57,0,west,4,none,1036
,7,15,58,0,west,4,vision mobility,1210
,7,15,59,0,south,2,mobility,1364
,7,27,60,0,east,3,hearing,2324
,7,17,61,0,south,2,none,1463
,7,15,62,1,south,2,none,1216
,7,28,63,0,north,1,none,2443
,7,26,64,0,south,2,none,1545
,7,23,65,0,east,3,none,1473
,7,19,66,0,north,1,none,1350
,7,25,67,0,west,4,none,1661
,7,27,68,0,west,4,mobility,2235
,7,23,69,0,south,2,speech,1439
,7,22,70,0,east,3,mobility,1373
,7,23,71,1,south,2,none,1273
,7,20,72,0,east,3,none,1253
,7,16,73,0,east,3,none,1085
,7,13,74,0,west,4,none,1353
,7,13,75,0,north,1,none,1340
,7,20,76,0,west,4,hearing,1469
,7,24,77,0,south,2,none,1211
,7,21,78,0,north,1,speech,1349
,7,19,79,1,west,4,none,1044
,7,13,80,0,west,4,hearing,1335
,7,25,81,0,west,4,none,2092
,7,30,82,0,east,3,mobility,1969
,7,22,83,0,west,4,none,1376
,7,13,84,0,east,3,none,1242
,7,21,85,0,south,2,none,1329
,7,28,86,0,north,1,none,1549
,7,12,87,0,west,4,none,747
,7,23,88,0,east,3,speech,1162
,7,29,89,0,north,1,none,1768
,7,17,90,0,east,3,none,1032
,7,15,91,0,east,3,speech,1219
,7,15,92,0,east,3,none,1084
,7,15,93,0,north,1,mobility,1216
,7,27,94,0,east,3,none,1627
,7,30,95,1,east,3,none,1821
,7,20,96,0,south,2,hearing,1266
,7,26,97,0,west,4,none,1975
,7,15,98,0,east,3,none,1117
,7,25,99,0,east,3,none,2295
,7,29,100,0,west,4,none,1523
,7,29,101,0,north,1,none,2473
,7,27,102,0,east,3,none,1790
,7,30,103,0,south,2,vision,2025
,7,21,104,0,east,3,none,1463
,7,29,105,0,east,3,mobility,1865
,7,25,106,0,west,4,none,1844
,7,27,107,0,west,4,none,2130
,7,21,108,0,north,1,none,1351
,7,28,109,0,north,1,none,1579
,7,30,110,0,south,2,vision,2041
,7,23,111,0,south,2,none,1073
,7,30,112,0,east,3,speech,1712
,7,22,113,1,south,2,mobility,1235
,7,28,114,0,west,4,none,1776
,7,22,115,0,south,2,none,1093
,7,29,116,0,west,4,speech,1746
,7,25,117,0,west,4,vision hearing,1685
,7,30,118,0,north,1,speech,2382
,7,29,119,1,south,2,none,1702
,7,27,120,0,south,2,none,2491
,7,23,121,0,west,4,none,1194
,7,26,122,0,west,4,none,1690
,7,29,123,0,south,2,none,1780
,7,22,124,0,north,1,mobility,1089
,7,26,125,0,west,4,none,2306
,7,24,126,0,north,1,none,1491
,7,25,127,0,east,3,none,1795
,7,27,128,0,west,4,none,2233
,7,22,129,0,west,4,none,1223
,7,28,130,0,north,1,hearing,1688
,7,27,131,0,south,2,vision,2183
,7,23,132,0,south,2,none,1303
,7,28,133,1,south,2,vision,1586
,7,27,134,0,west,4,none,1748
,7,22,135,0,north,1,none,1163
,7,30,136,0,west,4,none,1787
,7,22,137,0,east,3,hearing,1307
,7,29,138,1,north,1,none,1582
,7,28,139,0,east,3,none,1532
,7,23,140,1,north,1,none,1013
,7,24,141,0,west,4,hearing,1350
,7,29,142,0,west,4,mobility,1939
,7,30,143,0,east,3,none,1850
,7,26,144,0,west,4,none,1621
,7,23,145,0,west,4,none,1242
,7,27,146,0,west,4,hearing,2225
,7,26,147,0,north,1,none,1533
,7,25,148,0,south,2,speech mobility,1882
,7,28,149,0,east,3,none,2256
,7,30,150,0,east,3,none,1827
,7,26,151,0,north,1,none,2378
,7,27,152,0,south,2,none,2215
,7,30,153,0,south,2,none,1530
,7,27,154,0,south,2,none,1752
,7,27,155,0,north,1,none,1806
,7,30,156,0,north,1,none,2019
,7,26,157,0,east,3,none,2388
,7,29,158,0,north,1,none,1776
,7,27,159,0,east,3,none,1789
,7,30,160,0,east,3,none,1851
,7,27,161,1,east,3,none,2041
,7,27,162,0,west,4,none,1790
,7,27,163,0,west,4,none,1690
,7,30,164,0,south,2,vision,1769
,7,28,165,0,west,4,none,1565
,7,26,166,0,south,2,none,1630
,7,30,167,1,south,2,none,1823
,7,30,168,0,south,2,none,1667
,7,30,169,0,north,1,none,1781
,7,30,170,1,north,1,none,2001
,7,30,171,0,east,3,none,2108
,7,30,172,0,south,2,mobility,2297
,7,27,173,0,east,3,mobility,1708
,7,28,174,0,west,4,vision,1742
,7,28,175,0,north,1,mobility,1971
,7,30,176,0,south,2,none,2160
,7,28,177,0,east,3,none,2178
,7,27,178,0,south,2,hearing,1624
,7,29,179,0,east,3,none,1638
,7,26,180,0,west,4,none,2016
,7,26,181,0,east,3,none,2093
,7,26,182,0,north,1,none,2091
,7,26,183,0,south,2,none,1895
,7,29,184,0,west,4,none,1622
,7,30,185,0,south,2,none,2180
,7,26,186,0,west,4,none,2414
,7,26,187,0,north,1,speech,2452
,7,26,188,0,south,2,none,1757
,7,28,189,0,north,1,none,2207
,7,28,190,0,south,2,none,2202
,7,28,191,0,north,1,none,1863
,7,26,192,0,west,4,none,1949
,7,30,193,0,north,1,none,1642
,7,27,194,0,west,4,none,1829
,7,28,195,0,west,4,none,1998
,7,29,196,0,east,3,none,2115
,7,29,197,0,south,2,none,1562
,7,29,198,0,north,1,none,2202
,7,26,199,0,north,1,vision speech,1975
,7,29,200,0,east,3,none,2248
,7,27,201,0,east,3,hearing speech,2433
,7,30,202,1,west,4,hearing,2348
,7,29,203,0,east,3,vision,2253
,7,30,204,0,south,2,mobility,1979
,7,29,205,0,north,1,none,1614
,7,28,206,0,south,2,hearing,1839
,7,27,207,0,east,3,none,1738
,7,26,208,0,south,2,mobility,2242
,7,30,209,0,south,2,none,2037
,7,28,210,1,south,2,mobility,2468
,7,27,211,0,east,3,none,2340
,7,28,212,0,east,3,none,1695
,7,30,213,1,south,2,none,1791
,7,26,214,0,south,2,hearing,2039
,7,27,215,0,south,2,none,1937
,7,30,216,0,east,3,none,2032
,7,30,217,0,west,4,none,2039
,7,26,218,1,north,1,hearing,1901
,7,26,219,0,east,3,vision,2148
,7,28,220,0,west,4,speech,2013
,7,27,221,0,south,2,none,1503
,7,26,222,0,north,1,none,1992
,7,28,223,0,north,1,mobility,1665
,8,4,1,0,north,1,none,617
,8,12,2,0,north,1,none,934
,8,12,3,0,south,2,none,759
,8,7,4,0,west,4,hearing,934
,8,17,5,0,west,4,none,1063
,8,20,6,0,west,4,hearing,1073
,8,16,7,1,north,1,vision,1464
,8,2,8,0,east,3,speech,543
,8,16,9,0,south,2,mobility,1205
,8,8,10,0,south,2,vision,781
,8,6,11,0,south,2,none,700
,8,18,12,1,south,2,none,1491
,8,3,13,0,east,3,mobility,692
,8,14,14,0,east,3,none,1025
,8,1,15,1,east,3,vision,624
,8,2,16,0,south,2,none,570
,8,15,17,0,north,1,none,1286
,8,16,18,0,east,3,none,1373
,8,15,19,0,south,2,none,1318
,8,12,20,0,south,2,hearing mobility,930
,8,3,21,0,west,4,speech,541
,8,7,22,0,south,2,none,820
,8,12,23,0,north,1,none,889
,8,2,24,0,north,1,none,610
,8,8,25,0,east,3,none,961
,8,13,26,0,east,3,none,1245
,8,10,27,0,east,3,none,724
,8,18,28,0,south,2,none,1184
,8,19,29,0,south,2,mobility,1024
,8,11,30,0,south,2,none,828
,8,2,31,0,north,1,none,617
,8,6,32,0,south,2,none,662
,8,4,33,0,north,1,none,503
,8,2,34,0,east,3,none,611
,8,20,35,0,south,2,none,1428
,8,9,36,0,south,2,none,712
,8,3,37,0,east,3,none,652
,8,8,38,0,north,1,none,846
,8,11,39,0,east,3,none,703
,8,23,40,0,west,4,vision hearing,1201
,8,14,41,0,west,4,none,1101
,8,26,42,0,west,4,none,2323
,8,13,43,0,east,3,mobility,1414
,8,24,44,0,west,4,hearing,1300
,8,25,45,0,west,4,none,2274
,8,23,46,0,west,4,none,1239
,8,20,47,1,west,4,none,1259
,8,11,48,0,west,4,none,975
,8,23,49,0,south,2,none,1061
,8,12,50,0,south,2,mobility,798
,8,20,51,0,east,3,none,1393
,8,17,52,0,east,3,hearing,1073
,8,20,53,0,north,1,none,1494
,8,15,54,0,north,1,none,1494
,8,26,55,0,south,2,none,1622
,8,18,56,0,north,1,none,1342
,8,17,57,0,east,3,none,1072
,8,11,58,0,east,3,hearing,986
,8,16,59,0,south,2,none,1443
,8,12,60,0,east,3,none,821
,8,20,61,0,west,4,none,1223
,8,17,62,0,north,1,mobility,1176
,8,16,63,0,north,1,none,1328
,8,16,64,0,north,1,none,1023
,8,27,65,0,east,3,speech,2453
,8,21,66,0,west,4,none,1143
,8,29,67,0,west,4,mobility,1629
,8,14,68,0,east,3,none,1117
,8,26,69,0,north,1,none,1704
,8,29,70,0,west,4,none,1975
,8,13,71,0,south,2,none,1038
,8,29,72,0,north,1,none,2345
,8,17,73,0,north,1,hearing,1367
,8,15,74,0,west,4,none,1342
,8,27,75,0,west,4,speech,1835
,8,27,76,0,north,1,none,1650
,8,12,77,0,north,1,none,867
,8,11,78,0,north,1,none,936
,8,18,79,0,west,4,none,1444
,8,22,80,0,west,4,none,1157
,8,29,81,0,west,4,none,2270
,8,23,82,0,south,2,hearing,1448
,8,21,83,0,east,3,none,1182
,8,16,84,0,east,3,mobility,1347
,8,20,85,0,north,1,mobility,1254
,8,22,86,0,east,3,none,1471
,8,12,87,0,east,3,mobility,809
,8,11,88,0,west,4,none,961
,8,12,89,0,north,1,none,801
,8,28,90,0,north,1,speech,1502
,8,11,91,1,south,2,none,819
,8,21,92,0,north,1,none,1278
,8,20,93,0,east,3,none,1498
,8,15,94,0,north,1,hearing,1256
,8,30,95,0,east,3,none,1730
,8,15,96,0,east,3,none,1419
,8,29,97,0,east,3,none,1640
,8,20,98,0,north,1,mobility,1023
,8,17,99,0,north,1,none,1230
,8,25,100,0,west,4,none,2470
,8,25,101,0,south,2,mobility,1757
,8,30,102,0,north,1,none,2400
,8,21,103,0,north,1,none,1086
,8,22,104,0,east,3,none,1469
,8,24,105,0,west,4,none,1030
,8,26,106,0,south,2,none,1933
,8,24,107,0,west,4,none,1426
,8,22,108,0,north,1,none,1120
,8,28,109,0,north,1,hearing,1757
,8,25,110,0,north,1,none,1513
,8,26,111,0,west,4,none,2440
,8,26,112,0,south,2,none,1865
,8,21,113,1,west,4,none,1336
,8,28,114,0,north,1,none,1886
,8,23,115,0,north,1,none,1406
,8,26,116,0,south,2,none,1920
,8,27,117,0,east,3,hearing,1771
,8,29,118,0,north,1,none,2046
,8,28,119,0,east,3,none,2444
,8,26,120,0,south,2,none,2188
,8,26,121,0,east,3,none,2452
,8,27,122,0,north,1,none,2374
,8,24,123,0,west,4,speech,1323
,8,30,124,0,west,4,vision,2385
,8,30,125,0,north,1,none,1978
,8,29,126,0,north,1,none,1641
,8,30,127,0,east,3,hearing,1604
,8,30,128,0,north,1,none,2280
,8,25,129,0,south,2,none,1660
,8,23,130,0,east,3,none,1359
,8,26,131,0,east,3,none,2432
,8,26,132,0,south,2,mobility,1971
,8,21,133,0,north,1,vision,1237
,8,30,134,0,north,1,none,2338
,8,29,135,0,south,2,none,1988
,8,23,136,0,south,2,none,1276
,8,24,137,0,south,2,none,1178
,8,24,138,0,west,4,none,1245
,8,29,139,0,east,3,none,1815
,8,24,140,0,south,2,none,1149
,8,23,141,0,north,1,none,1299
,8,26,142,0,east,3,none,2496
,8,29,143,0,north,1,none,2157
,8,26,144,0,east,3,none,2493
,8,21,145,0,south,2,hearing,1295
,8,26,146,0,east,3,none,2112
,8,21,147,0,north,1,hearing,1411
,8,26,148,0,east,3,none,2448
,8,29,149,0,south,2,hearing,2314
,8,28,150,0,east,3,none,2315
,8,28,151,0,east,3,none,1839
,8,30,152,0,east,3,none,2176
,8,26,153,0,south,2,none,1580
,8,28,154,0,north,1,none,2389
,8,26,155,0,north,1,none,2235
,8,29,156,0,north,1,none,1700
,8,30,157,1,west,4,none,2308
,8,28,158,0,north,1,vision,2090
,8,30,159,0,north,1,none,2115
,8,29,160,0,north,1,speech,1686
,8,29,161,0,west,4,none,2440
,8,29,162,0,south,2,none,1948
,8,28,163,0,west,4,speech,2022
,8,29,164,0,west,4,none,1641
,8,26,165,0,east,3,hearing mobility,1782
,8,27,166,0,west,4,none,2232
,8,28,167,0,north,1,none,2038
,8,26,168,0,north,1,none,1668
,8,28,169,0,east,3,none,1872
,8,27,170,0,east,3,none,2320
,8,28,171,0,south,2,none,2137
,8,28,172,0,south,2,none,1928
,8,29,173,0,west,4,none,2414
,8,26,174,0,south,2,mobility,1789
,8,26,175,0,north,1,hearing,2364
,8,26,176,0,west,4,vision,1867
,8,28,177,0,south,2,none,1619
,8,29,178,0,east,3,none,2382
,8,26,179,0,west,4,none,2321
,8,27,180,0,south,2,speech,1515
,8,29,181,0,east,3,hearing,1624
,8,28,182,0,west,4,none,2269
,8,26,183,0,east,3,speech,2122
,8,30,184,0,west,4,none,2349
,8,28,185,0,south,2,none,2259
,8,28,186,0,east,3,none,1685
,8,28,187,0,east,3,none,1922
,8,29,188,0,west,4,none,1551
,8,27,189,0,north,1,none,1938
,8,30,190,0,north,1,none,2427
,8,26,191,0,south,2,mobility,1908
,8,30,192,0,south,2,none,1867
,8,28,193,0,west,4,none,1935
,8,28,194,0,north,1,none,1507
,8,28,195,0,north,1,none,2391
,8,26,196,0,south,2,none,1967
,8,27,197,0,east,3,none,2141
,8,28,198,0,north,1,none,2384
,8,30,199,0,east,3,none,2086
,8,28,200,0,west,4,none,2216
,8,28,201,0,east,3,none,2014
,8,30,202,1,west,4,hearing,1904
,8,26,203,0,north,1,none,2281
,8,28,204,0,west,4,speech mobility,1849
,8,29,205,0,south,2,none,1529
,8,29,206,0,west,4,none,2464
,8,28,207,1,east,3,hearing,2470
,8,28,208,0,east,3,mobility,1902
,8,29,209,0,north,1,none,1714
,8,27,210,1,west,4,none,1545
,8,30,211,0,south,2,none,2031
,8,26,212,0,north,1,none,1924
,8,28,213,0,east,3,none,1663
,8,29,214,0,north,1,none,1651
,8,27,215,0,west,4,vision,2122
,8,29,216,0,west,4,none,1806
,8,30,217,0,south,2,mobility,2030
,8,30,218,0,north,1,hearing,1502
,8,26,219,0,east,3,none,1793
,8,27,220,0,west,4,none,2324
,8,30,221,0,north,1,hearing,2205
,8,30,222,0,west,4,none,2138
,8,27,223,0,west,4,vision,1949
,8,30,224,0,south,2,none,1629
,8,27,225,0,west,4,hearing speech,1804
,8,26,226,0,south,2,none,1880
,8,30,227,0,north,1,none,1565
,8,26,228,0,south,2,none,2291
,8,28,229,0,east,3,hearing,2211
,8,26,230,0,south,2,none,1955
,8,28,231,0,south,2,none,1653
,8,28,232,0,north,1,none,2123
,8,30,233,0,north,1,none,1907
,8,26,234,0,south,2,none,2019
,8,27,235,0,north,1,none,1623
,8,28,236,0,south,2,none,2492
,8,28,237,0,west,4,none,1639
,8,29,238,0,north,1,vision,1987
,8,29,239,0,east,3,none,1849
,8,30,240,0,north,1,hearing,2176
,8,29,241,0,east,3,none,2174
,8,29,242,0,east,3,none,2373
,8,28,243,0,west,4,mobility,1861
,8,28,244,0,west,4,none,2465
,8,28,245,0,west,4,none,1785
,8,27,246,0,south,2,hearing,1820
,8,28,247,0,south,2,mobility,1608
,8,28,248,0,west,4,none,2459
,8,26,249,0,west,4,none,2401
,8,30,250,0,west,4,speech,1700
,8,30,251,0,west,4,none,2318
